name, url, ratings, avg, lower bound, is_dairy
grape feta bacon salad creamy dijon dressing, http://www.budgetbytes.com/2016/07/grape-feta-bacon-salad-creamy-dijon-dressing/, 3, 4.7, 20.765495512648787, True
ultimate southwest scrambled eggs, http://www.budgetbytes.com/2016/07/ultimate-southwest-scrambled-eggs/, 3, 4.7, 20.765495512648787, True
chimichurri good anything everything sauce, http://www.budgetbytes.com/2016/07/chimichurri-good-anything-everything-sauce/, 6, 5.0, 60.96569663469354, False
pasta 5 ingredient butter tomato sauce, http://www.budgetbytes.com/2016/07/pasta-5-ingredient-butter-tomato-sauce/, 8, 4.6, 52.910519423013845, True
pepperoni stuffed baked potatoes, http://www.budgetbytes.com/2016/07/pepperoni-stuffed-baked-potatoes/, 3, 5.0, 43.84939195509822, True
cowboy caviar, http://www.budgetbytes.com/2016/07/cowboy-caviar/, 9, 4.9, 56.499378523193975, False
veggie packed freezer ready breakfast sandwiches, http://www.budgetbytes.com/2016/07/veggie-packed-freezer-ready-breakfast-sandwiches/, 11, 4.9, 62.26353745137963, True
slow cooker coconut curry lentils, http://www.budgetbytes.com/2016/07/slow-cooker-coconut-curry-lentils/, 11, 4.6, 52.30138624217553, True
sticky ginger soy glazed chicken, http://www.budgetbytes.com/2016/07/sticky-ginger-soy-glazed-chicken/, 10, 4.9, 59.584361450242774, False
baked beef black bean tacos, http://www.budgetbytes.com/2016/07/baked-beef-black-bean-tacos/, 12, 5.0, 75.74992425007574, True
broccoli salad honey yogurt dressing, http://www.budgetbytes.com/2016/07/broccoli-salad-honey-yogurt-dressing/, 2, 5.0, 34.23719528896193, True
blueberry buttermilk coffee cake, http://www.budgetbytes.com/2016/06/blueberry-buttermilk-coffee-cake/, 5, 4.8, 37.552826411853886, True
creamy chicken fajita pasta, http://www.budgetbytes.com/2016/06/creamy-chicken-fajita-pasta/, 13, 4.8, 66.68546607175266, True
kale salad cajun spiced chickpeas buttermilk dressing, http://www.budgetbytes.com/2016/06/kale-salad-cajun-spiced-chickpeas-buttermilk-dressing/, 5, 5.0, 56.5508505247919, True
strawberry rose slush, http://www.budgetbytes.com/2016/06/strawberry-rose-slush/, 4, 5.0, 51.009997959600085, False
sushi bowls sriracha mayo, http://www.budgetbytes.com/2016/06/sushi-bowls-sriracha-mayo/, 12, 5.0, 75.74992425007574, False
freezer ready mini pizzas, http://www.budgetbytes.com/2016/06/freezer-ready-mini-pizzas/, 5, 5.0, 56.5508505247919, True
broccoli cheddar baked potatoes, http://www.budgetbytes.com/2016/06/broccoli-cheddar-baked-potatoes/, 5, 4.8, 37.552826411853886, True
pressure cooker chicken rice, http://www.budgetbytes.com/2016/06/pressure-cooker-chicken-rice/, 7, 4.6, 48.686549668097015, False
chipotle portobello oven fajitas, http://www.budgetbytes.com/2016/06/chipotle-portobello-oven-fajitas/, 7, 4.9, 48.686549668097015, False
no sugar added apple pie overnight oats, http://www.budgetbytes.com/2016/06/no-sugar-added-apple-pie-overnight-oats/, 10, 4.7, 59.584361450242774, True
parsley scallion hummus pasta, http://www.budgetbytes.com/2016/06/parsley-scallion-hummus-pasta/, 7, 4.7, 48.686549668097015, False
lime shrimp dragon noodles, http://www.budgetbytes.com/2016/05/lime-shrimp-dragon-noodles/, 15, 4.9, 70.18292244757602, True
german potato salad, http://www.budgetbytes.com/2016/05/german-potato-salad/, 2, 5.0, 34.23719528896193, False
sesame noodles wilted greens, http://www.budgetbytes.com/2016/05/sesame-noodles-wilted-greens/, 7, 5.0, 64.56611570247934, False
bacon caramelized pineapple pizza, http://www.budgetbytes.com/2016/05/bacon-caramelized-pineapple-pizza/, 2, 5.0, 34.23719528896193, True
thai coconut curry braised chicken thighs, http://www.budgetbytes.com/2016/05/thai-coconut-curry-braised-chicken-thighs/, 17, 4.8, 73.01745479643719, True
italian sausage stuffed zucchini, http://www.budgetbytes.com/2016/05/italian-sausage-stuffed-zucchini/, 10, 4.9, 59.584361450242774, True
spaghetti carbonara, http://www.budgetbytes.com/2016/05/spaghetti-carbonara/, 17, 4.7, 65.66315750229009, True
greek chicken pasta salad, http://www.budgetbytes.com/2016/05/greek-chicken-pasta-salad/, 19, 4.9, 75.3607846634548, True
warm corn avocado salad, http://www.budgetbytes.com/2016/05/warm-corn-avocado-salad/, 9, 4.8, 56.499378523193975, False
cheesy scallion stuffed jalapenos, http://www.budgetbytes.com/2016/05/cheesy-scallion-stuffed-jalapenos/, 4, 4.8, 30.063605244263663, True
sunday slow cooker beef ragu, http://www.budgetbytes.com/2016/05/sunday-slow-cooker-beef-ragu/, 6, 5.0, 60.96569663469354, False
mango coconut tofu bowls, http://www.budgetbytes.com/2016/04/mango-coconut-tofu-bowls/, 27, 4.9, 81.71614606584349, True
skillet cheeseburger pasta, http://www.budgetbytes.com/2016/04/skillet-cheeseburger-pasta/, 17, 4.9, 73.01745479643719, True
lemon berry cobbler, http://www.budgetbytes.com/2016/04/lemon-berry-cobbler/, 12, 4.8, 64.61140782014047, True
quickie faux pho, http://www.budgetbytes.com/2016/04/quickie-faux-pho/, 7, 4.9, 48.686549668097015, False
bbq chicken burrito bowls, http://www.budgetbytes.com/2016/04/bbq-chicken-burrito-bowls/, 7, 4.9, 48.686549668097015, True
ultimate portobello mushroom pizza, http://www.budgetbytes.com/2016/04/ultimate-portobello-mushroom-pizza/, 3, 5.0, 43.84939195509822, True
smoky white bean shakshuka, http://www.budgetbytes.com/2016/04/smoky-white-bean-shakshuka/, 20, 4.9, 76.38641064874331, True
garden vegetable lasagna soup, http://www.budgetbytes.com/2016/04/garden-vegetable-lasagna-soup/, 10, 4.9, 59.584361450242774, True
make crispy hash browns, http://www.budgetbytes.com/2016/04/make-crispy-hash-browns/, 10, 4.7, 59.584361450242774, False
thai cucumber salad 2, http://www.budgetbytes.com/2016/04/thai-cucumber-salad-2/, 28, 5.0, 87.93527963418923, False
hoisin stir fry bowls spicy peanut sauce, http://www.budgetbytes.com/2016/04/hoisin-stir-fry-bowls-spicy-peanut-sauce/, 32, 4.9, 84.25539219962727, True
crispy baked honey sriracha chicken drumsticks, http://www.budgetbytes.com/2016/03/crispy-baked-honey-sriracha-chicken-drumsticks/, 9, 5.0, 70.08472464490406, True
kale salmon caesar salad, http://www.budgetbytes.com/2016/03/kale-salmon-caesar-salad/, 9, 5.0, 70.08472464490406, True
roasted red pepper tomato soup, http://www.budgetbytes.com/2016/03/roasted-red-pepper-tomato-soup/, 15, 4.6, 62.11750079348376, True
instant pot congee jook, http://www.budgetbytes.com/2016/03/instant-pot-congee-jook/, 17, 4.8, 73.01745479643719, False
thai curry vegetable soup, http://www.budgetbytes.com/2016/03/thai-curry-vegetable-soup/, 66, 4.9, 89.60728112941317, True
blackened shrimp pasta, http://www.budgetbytes.com/2016/03/blackened-shrimp-pasta/, 12, 4.9, 64.61140782014047, True
make instant pot chicken stock, http://www.budgetbytes.com/2016/03/make-instant-pot-chicken-stock/, 9, 5.0, 70.08472464490406, False
creamy pesto mac spinach, http://www.budgetbytes.com/2016/03/creamy-pesto-mac-spinach/, 15, 4.5, 62.11750079348376, True
sweet chili tofu bowls, http://www.budgetbytes.com/2016/03/sweet-chili-tofu-bowls/, 14, 4.8, 68.53073044604218, False
pesto hummus, http://www.budgetbytes.com/2016/03/pesto-hummus/, 3, 5.0, 43.84939195509822, False
chana aloo masala chickpea and potato masala, http://www.budgetbytes.com/2016/02/chana-aloo-masala-chickpea-and-potato-masala/, 20, 4.4, 63.95767041130426, True
pan fried sesame tofu with broccoli, http://www.budgetbytes.com/2016/02/pan-fried-sesame-tofu-with-broccoli/, 39, 4.9, 86.81871352137286, False
chili roasted sweet potatoes, http://www.budgetbytes.com/2016/02/chili-roasted-sweet-potatoes/, 10, 4.8, 59.584361450242774, False
cilantro lime chicken drumsticks, http://www.budgetbytes.com/2016/02/cilantro-lime-chicken-drumsticks/, 14, 4.9, 68.53073044604218, False
thick cut garlic parmesan oven fries, http://www.budgetbytes.com/2016/02/thick-cut-garlic-parmesan-oven-fries/, 7, 4.7, 48.686549668097015, True
smoked sausage skillet with peppers and farro, http://www.budgetbytes.com/2016/02/smoked-sausage-skillet-with-peppers-and-farro/, 8, 4.8, 52.910519423013845, False
banana nut breakfast farro, http://www.budgetbytes.com/2016/02/banana-nut-breakfast-farro/, 4, 5.0, 51.009997959600085, True
mediterranean farro salad with spiced chickpeas, http://www.budgetbytes.com/2016/02/mediterranean-farro-salad-with-spiced-chickpeas/, 23, 5.0, 85.68788745827372, False
pork gyoza, http://www.budgetbytes.com/2016/02/pork-gyoza/, 17, 4.9, 73.01745479643719, False
5 minute nacho cheese sauce, http://www.budgetbytes.com/2016/02/5-minute-nacho-cheese-sauce/, 17, 4.5, 58.97007098262422, True
curried red lentil and pumpkin soup, http://www.budgetbytes.com/2016/02/curried-red-lentil-and-pumpkin-soup/, 21, 4.9, 77.3301834137645, False
stir fry beef noodles, http://www.budgetbytes.com/2016/01/stir-fry-beef-noodles/, 15, 4.4, 54.81406466534955, False
oven roasted chicken legs, http://www.budgetbytes.com/2016/01/oven-roasted-chicken-legs/, 9, 5.0, 70.08472464490406, True
banana coconut baked oatmeal, http://www.budgetbytes.com/2016/01/banana-coconut-baked-oatmeal/, 12, 5.0, 75.74992425007574, True
weeknight enchiladas, http://www.budgetbytes.com/2016/01/weeknight-enchiladas/, 21, 4.9, 77.3301834137645, False
broiled balsamic vegetables with lemon parsley rice, http://www.budgetbytes.com/2016/01/broiled-balsamic-vegetables-with-lemon-parsley-rice/, 19, 4.8, 75.3607846634548, False
skillet chicken with orzo and olives, http://www.budgetbytes.com/2016/01/skillet-chicken-with-orzo-and-olives/, 16, 4.8, 71.67073163197013, False
kale chicken and gnocchi soup, http://www.budgetbytes.com/2016/01/kale-chicken-and-gnocchi-soup/, 9, 4.3, 45.25833436728054, True
cheesy vegetarian chili mac, http://www.budgetbytes.com/2016/01/cheesy-vegetarian-chili-mac/, 50, 4.7, 81.16149745493631, True
nam sod thai pork salad, http://www.budgetbytes.com/2016/01/nam-sod-thai-pork-salad/, 18, 4.9, 74.24220019799247, False
20 minute creamy spinach artichoke pasta, http://www.budgetbytes.com/2016/01/20-minute-creamy-spinach-artichoke-pasta/, 12, 4.7, 64.61140782014047, True
vegetarian shepherds pie, http://www.budgetbytes.com/2016/01/vegetarian-shepherds-pie/, 22, 4.7, 72.18461934161421, False
pineapple sriracha breakfast bowls, http://www.budgetbytes.com/2016/01/pineapple-sriracha-breakfast-bowls/, 7, 4.9, 48.686549668097015, False
oven roasted frozen broccoli, http://www.budgetbytes.com/2015/12/oven-roasted-frozen-broccoli/, 13, 4.9, 66.68546607175266, False
slow cooker mashed potatoes, http://www.budgetbytes.com/2015/12/slow-cooker-mashed-potatoes/, 14, 4.6, 60.0580922361363, True
cheesy gnocchi skillet, http://www.budgetbytes.com/2015/12/cheesy-gnocchi-skillet/, 11, 4.9, 62.26353745137963, True
turkey chili smothered sweet potatoes, http://www.budgetbytes.com/2015/12/turkey-chili-smothered-sweet-potatoes/, 9, 4.8, 56.499378523193975, True
gingersnap granola, http://www.budgetbytes.com/2015/12/gingersnap-granola/, 4, 4.5, 30.063605244263663, False
slow cooker chicken tikka masala, http://www.budgetbytes.com/2015/12/slow-cooker-chicken-tikka-masala/, 21, 4.4, 59.9990134607267, True
30 minute posole, http://www.budgetbytes.com/2015/12/30-minute-posole/, 11, 4.7, 62.26353745137963, False
quick garlic parmesan broccoli, http://www.budgetbytes.com/2015/12/quick-garlic-parmesan-broccoli/, 5, 4.8, 37.552826411853886, True
eggplant parmesan pasta, http://www.budgetbytes.com/2015/12/eggplant-parmesan-pasta/, 7, 4.9, 48.686549668097015, True
all edge spiced brownies, http://www.budgetbytes.com/2015/11/all-edge-spiced-brownies/, 10, 4.9, 59.584361450242774, True
hot sour vegetable soup with tofu, http://www.budgetbytes.com/2015/11/hot-sour-vegetable-soup-with-tofu/, 17, 4.8, 73.01745479643719, False
how to make stove top popcorn, http://www.budgetbytes.com/2015/11/how-to-make-stove-top-popcorn/, 23, 5.0, 85.68788745827372, False
spaghetti with vegetable meat sauce, http://www.budgetbytes.com/2015/11/spaghetti-with-vegetable-meat-sauce/, 16, 4.8, 71.67073163197013, False
cabbage and cranberry salad, http://www.budgetbytes.com/2015/11/cabbage-and-cranberry-salad/, 3, 5.0, 43.84939195509822, True
sesame glazed salmon and green beans, http://www.budgetbytes.com/2015/11/sesame-glazed-salmon-and-green-beans/, 7, 4.9, 48.686549668097015, False
spinach and chickpea rice pilaf, http://www.budgetbytes.com/2015/11/spinach-and-chickpea-rice-pilaf/, 24, 4.5, 68.99571185214243, True
eggs florentine breakfast pizza, http://www.budgetbytes.com/2015/11/eggs-florentine-breakfast-pizza/, 6, 5.0, 60.96569663469354, True
slow cooker italian chicken and peppers, http://www.budgetbytes.com/2015/11/slow-cooker-italian-chicken-and-peppers/, 22, 4.0, 51.84787630099803, False
garlic parmesan polenta, http://www.budgetbytes.com/2015/11/garlic-parmesan-polenta/, 4, 4.8, 30.063605244263663, True
baked tortilla chips, http://www.budgetbytes.com/2015/11/baked-tortilla-chips/, 3, 5.0, 43.84939195509822, False
one pot creamy sun dried tomato pasta, http://www.budgetbytes.com/2015/11/one-pot-creamy-sun-dried-tomato-pasta/, 24, 4.8, 74.1507847985494, True
vegetable enchilada casserole, http://www.budgetbytes.com/2015/10/vegetable-enchilada-casserole/, 22, 4.9, 78.20151050048196, True
autumn harvest salad, http://www.budgetbytes.com/2015/10/autumn-harvest-salad/, 10, 5.0, 72.24598312333835, True
bacon bean potato soup, http://www.budgetbytes.com/2015/10/bacon-bean-potato-soup/, 13, 4.1, 49.74312600487308, False
dilly vegetable dip, http://www.budgetbytes.com/2015/10/dilly-vegetable-dip/, 1, 5.0, 20.654329147389294, True
sweet potato cornbread, http://www.budgetbytes.com/2015/10/sweet-potato-cornbread/, 21, 4.8, 71.08541613925932, True
pasta salad with sausage and arugula, http://www.budgetbytes.com/2015/10/pasta-salad-with-sausage-and-arugula/, 4, 4.8, 30.063605244263663, True
triple berry oat muffins, http://www.budgetbytes.com/2015/10/triple-berry-oat-muffins/, 5, 5.0, 56.5508505247919, True
matzo ball soup, http://www.budgetbytes.com/2015/10/matzo-ball-soup/, 9, 4.7, 56.499378523193975, False
pumpkin pie spice snickerdoodles for two, http://www.budgetbytes.com/2015/10/pumpkin-pie-spice-snickerdoodles-for-two/, 5, 4.8, 37.552826411853886, True
loaded french bread pizza, http://www.budgetbytes.com/2015/09/loaded-french-bread-pizza/, 4, 4.5, 30.063605244263663, True
yellow rice chicken skillet, http://www.budgetbytes.com/2015/09/yellow-rice-chicken-skillet/, 29, 4.6, 73.61455275293085, False
spicy peanut noodle salad, http://www.budgetbytes.com/2015/09/spicy-peanut-noodle-salad/, 12, 5.0, 75.74992425007574, True
caramelized banana and peanut butter quesadilla, http://www.budgetbytes.com/2015/09/caramelized-banana-and-peanut-butter-quesadilla/, 6, 4.3, 29.99883213415286, True
parsley pesto pasta with blistered tomatoes, http://www.budgetbytes.com/2015/09/parsley-pesto-pasta-with-blistered-tomatoes/, 8, 4.9, 52.910519423013845, True
poor mans burrito bowls, http://www.budgetbytes.com/2015/09/poor-mans-burrito-bowls/, 24, 4.8, 74.1507847985494, True
chili rubbed pulled pork, http://www.budgetbytes.com/2015/09/chili-rubbed-pulled-pork/, 9, 5.0, 70.08472464490406, False
skillet meatballs and marinara, http://www.budgetbytes.com/2015/09/skillet-meatballs-and-marinara/, 19, 5.0, 83.18156346315494, False
bowties and broccoli, http://www.budgetbytes.com/2015/09/bowties-and-broccoli/, 12, 4.9, 64.61140782014047, True
everyday cornbread, http://www.budgetbytes.com/2015/09/everyday-cornbread/, 10, 4.7, 59.584361450242774, True
creamy spinach artichoke pizza, http://www.budgetbytes.com/2015/08/creamy-spinach-artichoke-pizza/, 11, 5.0, 74.11599827511859, True
mini black bean turkey burgers, http://www.budgetbytes.com/2015/08/mini-black-bean-turkey-burgers/, 12, 4.8, 64.61140782014047, True
vegetarian mustard greens, http://www.budgetbytes.com/2015/08/vegetarian-mustard-greens/, 5, 5.0, 56.5508505247919, False
creole white beans with chicken, http://www.budgetbytes.com/2015/08/creole-white-beans-with-chicken/, 6, 4.8, 43.64905634363539, False
oatmeal cookie baked oatmeal, http://www.budgetbytes.com/2015/08/oatmeal-cookie-baked-oatmeal/, 16, 4.8, 71.67073163197013, True
roasted red pepper and feta frittata, http://www.budgetbytes.com/2015/08/roasted-red-pepper-and-feta-frittata/, 8, 4.8, 52.910519423013845, True
roasted red pepper hummus wraps, http://www.budgetbytes.com/2015/08/roasted-red-pepper-hummus-wraps/, 3, 5.0, 43.84939195509822, True
apple pie scones, http://www.budgetbytes.com/2015/08/apple-pie-scones/, 5, 5.0, 56.5508505247919, True
simple tomato cucumber salad, http://www.budgetbytes.com/2015/08/simple-tomato-cucumber-salad/, 5, 5.0, 56.5508505247919, False
lemon pepper chicken with orzo, http://www.budgetbytes.com/2015/08/lemon-pepper-chicken-with-orzo/, 43, 4.8, 81.39073144696508, True
smoky parmesan roasted cauliflower, http://www.budgetbytes.com/2015/08/smoky-parmesan-roasted-cauliflower/, 10, 4.4, 49.01568467207235, True
garden vegetable lasagna roll ups, http://www.budgetbytes.com/2015/07/garden-vegetable-lasagna-roll-ups/, 13, 4.9, 66.68546607175266, True
peanut butter smores pots, http://www.budgetbytes.com/2015/07/peanut-butter-smores-pots/, 5, 5.0, 56.5508505247919, True
spicy cashew crunch stir fry, http://www.budgetbytes.com/2015/07/spicy-cashew-crunch-stir-fry/, 12, 4.8, 64.61140782014047, False
taco salad skillet, http://www.budgetbytes.com/2015/07/taco-salad-skillet/, 14, 4.7, 60.0580922361363, True
tropical yogurt parfaits, http://www.budgetbytes.com/2015/07/tropical-yogurt-parfaits/, 2, 4.5, 9.452865480086611, True
sweet potato tacos with lime crema, http://www.budgetbytes.com/2015/07/sweet-potato-tacos-with-lime-crema/, 15, 4.9, 70.18292244757602, True
chicken kale caesar wraps, http://www.budgetbytes.com/2015/07/chicken-kale-caesar-wraps/, 4, 4.8, 30.063605244263663, True
crunchy chinese chicken salad, http://www.budgetbytes.com/2015/07/crunchy-chinese-chicken-salad/, 14, 5.0, 78.46829880728185, False
zucchini sausage ravioli, http://www.budgetbytes.com/2015/07/zucchini-sausage-ravioli/, 7, 4.9, 48.686549668097015, True
mushroom spinach and swiss french bread pizzas, http://www.budgetbytes.com/2015/07/mushroom-spinach-and-swiss-french-bread-pizzas/, 5, 4.8, 37.552826411853886, True
pineapple pork kebabs no grill required, http://www.budgetbytes.com/2015/06/pineapple-pork-kebabs-no-grill-required/, 8, 5.0, 67.55843804891231, False
apple cabbage slaw, http://www.budgetbytes.com/2015/06/apple-cabbage-slaw/, 5, 3.8, 23.0719932208837, True
plum salad with lemon ginger dressing, http://www.budgetbytes.com/2015/06/plum-salad-with-lemon-ginger-dressing/, 3, 5.0, 43.84939195509822, False
one pot roasted red pepper pasta, http://www.budgetbytes.com/2015/06/one-pot-roasted-red-pepper-pasta/, 34, 4.8, 80.90606311053628, True
thin and crispy pizza crust, http://www.budgetbytes.com/2015/06/thin-and-crispy-pizza-crust/, 22, 4.8, 72.18461934161421, False
three pepper pasta with crispy pepperoni, http://www.budgetbytes.com/2015/06/three-pepper-pasta-with-crispy-pepperoni/, 10, 5.0, 72.24598312333835, False
tomato and corn relish, http://www.budgetbytes.com/2015/06/tomato-and-corn-relish/, 5, 5.0, 56.5508505247919, False
slow cooker chicken ropa vieja, http://www.budgetbytes.com/2015/06/slow-cooker-chicken-ropa-vieja/, 28, 4.8, 77.35426157408214, False
lemon pepper zucchini, http://www.budgetbytes.com/2015/06/lemon-pepper-zucchini/, 2, 5.0, 34.23719528896193, False
spanish chickpeas and rice, http://www.budgetbytes.com/2015/06/spanish-chickpeas-and-rice/, 51, 4.9, 86.78345101373473, False
chili lime cantaloupe, http://www.budgetbytes.com/2015/05/chili-lime-cantaloupe/, 3, 5.0, 43.84939195509822, False
thai peanut chicken, http://www.budgetbytes.com/2015/05/thai-peanut-chicken/, 14, 4.7, 60.0580922361363, True
apple cherry baked oatmeal, http://www.budgetbytes.com/2015/05/apple-cherry-baked-oatmeal/, 10, 4.8, 59.584361450242774, True
easy spinach ricotta pasta, http://www.budgetbytes.com/2015/05/easy-spinach-ricotta-pasta/, 15, 4.1, 48.04911034231324, True
sweet n spicy chicken bowls, http://www.budgetbytes.com/2015/05/sweet-n-spicy-chicken-bowls/, 17, 4.9, 73.01745479643719, False
homemade crepes, http://www.budgetbytes.com/2015/05/homemade-crepes/, 18, 4.9, 74.24220019799247, True
minty pea salad, http://www.budgetbytes.com/2015/05/minty-pea-salad/, 6, 5.0, 60.96569663469354, False
curried potatoes with poached eggs, http://www.budgetbytes.com/2015/05/curried-potatoes-with-poached-eggs/, 22, 4.6, 66.66458812053, False
carrot cake for two, http://www.budgetbytes.com/2015/04/carrot-cake-for-two/, 17, 4.6, 65.66315750229009, True
roasted vegetable toast, http://www.budgetbytes.com/2015/04/roasted-vegetable-toast/, 3, 4.7, 20.765495512648787, True
smoky tomato soup, http://www.budgetbytes.com/2015/04/smoky-tomato-soup/, 13, 4.8, 66.68546607175266, False
spinach and feta mashed potatoes, http://www.budgetbytes.com/2015/04/spinach-and-feta-mashed-potatoes/, 3, 5.0, 43.84939195509822, True
mini garden turkey loaves, http://www.budgetbytes.com/2015/04/mini-garden-turkey-loaves/, 37, 4.9, 86.17562156243666, False
smoky garlic oven fries, http://www.budgetbytes.com/2015/04/smoky-garlic-oven-fries/, 9, 4.7, 56.499378523193975, False
blackberry sage pork chops, http://www.budgetbytes.com/2015/04/blackberry-sage-pork-chops/, 25, 5.0, 86.68035060468212, True
toasted coconut oat bran, http://www.budgetbytes.com/2015/04/toasted-coconut-oat-bran/, 4, 4.8, 30.063605244263663, True
sriracha deviled eggs, http://www.budgetbytes.com/2015/03/sriracha-deviled-eggs/, 17, 4.6, 65.66315750229009, False
fish tacos with cumin lime slaw, http://www.budgetbytes.com/2015/03/fish-tacos-with-cumin-lime-slaw/, 14, 5.0, 78.46829880728185, False
cumin lime coleslaw, http://www.budgetbytes.com/2015/03/cumin-lime-coleslaw/, 11, 4.7, 62.26353745137963, False
balsamic chicken thighs, http://www.budgetbytes.com/2015/03/balsamic-chicken-thighs/, 23, 4.9, 79.00841350594088, False
skillet potatoes and green beans, http://www.budgetbytes.com/2015/03/skillet-potatoes-and-green-beans/, 13, 4.8, 66.68546607175266, True
parmesan pepper kale pasta, http://www.budgetbytes.com/2015/03/parmesan-pepper-kale-pasta/, 12, 4.8, 64.61140782014047, True
curry roasted carrots, http://www.budgetbytes.com/2015/03/curry-roasted-carrots/, 13, 5.0, 77.18981569447084, False
mujaddara, http://www.budgetbytes.com/2015/03/mujaddara/, 39, 4.4, 70.27023013426569, False
broccoli cheddar casserole, http://www.budgetbytes.com/2015/03/broccoli-cheddar-casserole/, 30, 4.9, 83.32924860304112, True
homemade freezer garlic bread, http://www.budgetbytes.com/2015/03/homemade-freezer-garlic-bread/, 9, 4.9, 56.499378523193975, True
no sugar added banana nut granola, http://www.budgetbytes.com/2015/02/no-sugar-added-banana-nut-granola/, 8, 4.6, 52.910519423013845, True
fudge brownie pots for two, http://www.budgetbytes.com/2015/02/fudge-brownie-pots-for-two/, 15, 5.0, 79.6110733695652, True
weeknight black bean chili, http://www.budgetbytes.com/2015/02/weeknight-black-bean-chili/, 39, 4.7, 79.67862687194473, False
no knead english muffin bread, http://www.budgetbytes.com/2015/02/no-knead-english-muffin-bread/, 11, 5.0, 74.11599827511859, False
pastalaya, http://www.budgetbytes.com/2015/02/pastalaya/, 17, 4.9, 73.01745479643719, True
caramelized onion artichoke flatbread, http://www.budgetbytes.com/2015/02/caramelized-onion-artichoke-flatbread/, 6, 4.7, 43.64905634363539, True
pasta creamy pumpkin sauce, http://www.budgetbytes.com/2015/02/pasta-creamy-pumpkin-sauce/, 17, 4.4, 58.97007098262422, True
nacho taters, http://www.budgetbytes.com/2015/02/nacho-taters/, 12, 4.9, 64.61140782014047, True
green chile breakfast quesadillas, http://www.budgetbytes.com/2015/02/green-chile-breakfast-quesadillas/, 12, 5.0, 75.74992425007574, False
zuppa toscana, http://www.budgetbytes.com/2015/01/zuppa-toscana/, 55, 4.9, 87.67630702509827, False
snickerdoodles two, http://www.budgetbytes.com/2015/01/snickerdoodles-two/, 24, 4.8, 74.1507847985494, True
creamy tortellini vegetables, http://www.budgetbytes.com/2015/01/creamy-tortellini-vegetables/, 30, 5.0, 88.6482908609522, True
white beans tomato sausage, http://www.budgetbytes.com/2015/01/white-beans-tomato-sausage/, 28, 4.7, 72.80377463234292, False
smoky roasted sweet potatoes, http://www.budgetbytes.com/2015/01/smoky-roasted-sweet-potatoes/, 20, 4.8, 76.38641064874331, False
honey mustard pork chops, http://www.budgetbytes.com/2015/01/honey-mustard-pork-chops/, 18, 4.9, 74.24220019799247, False
lemony kale quinoa salad, http://www.budgetbytes.com/2015/01/lemony-kale-quinoa-salad/, 19, 4.9, 75.3607846634548, True
curried lentils, http://www.budgetbytes.com/2015/01/curried-lentils/, 24, 4.8, 74.1507847985494, False
slow cooker white chicken chili, http://www.budgetbytes.com/2015/01/slow-cooker-white-chicken-chili/, 42, 4.8, 80.99028671147485, False
zucchini corn frittata, http://www.budgetbytes.com/2014/12/zucchini-corn-frittata/, 11, 4.7, 62.26353745137963, True
saucy southwest shredded beef, http://www.budgetbytes.com/2014/12/saucy-southwest-shredded-beef/, 10, 5.0, 72.24598312333835, False
parmesan portobello orzo, http://www.budgetbytes.com/2014/12/parmesan-portobello-orzo/, 13, 4.5, 57.764829491368985, True
pineapple black bean salad, http://www.budgetbytes.com/2014/12/pineapple-black-bean-salad/, 12, 4.4, 55.196364261532736, False
sweet potato tortilla soup, http://www.budgetbytes.com/2014/12/sweet-potato-tortilla-soup/, 26, 4.9, 81.1068230080416, True
spicy pork pad thai, http://www.budgetbytes.com/2014/12/spicy-pork-pad-thai/, 27, 4.5, 67.52093665317052, False
chocolate cayenne crinkles, http://www.budgetbytes.com/2014/12/chocolate-cayenne-crinkles/, 26, 4.7, 75.85805251948496, False
roasted vegetable baked ziti, http://www.budgetbytes.com/2014/12/roasted-vegetable-baked-ziti/, 17, 4.6, 65.66315750229009, True
leftover stuffin muffins, http://www.budgetbytes.com/2014/11/leftover-stuffin-muffins/, 10, 4.9, 59.584361450242774, True
crunchy cranberry sauce, http://www.budgetbytes.com/2014/11/crunchy-cranberry-sauce/, 3, 3.7, 20.765495512648787, False
spicy italian flat bread, http://www.budgetbytes.com/2014/11/spicy-italian-flat-bread/, 10, 4.7, 59.584361450242774, True
moroccan lentil vegetable stew, http://www.budgetbytes.com/2014/11/moroccan-lentil-vegetable-stew/, 41, 4.9, 83.86073303764864, False
slow cooker stuffed apples, http://www.budgetbytes.com/2014/11/slow-cooker-stuffed-apples/, 7, 4.7, 48.686549668097015, True
monterrey chicken skillet, http://www.budgetbytes.com/2014/11/monterrey-chicken-skillet/, 25, 4.5, 65.34598601976184, True
parmesan garlic pretzel bites, http://www.budgetbytes.com/2014/10/parmesan-garlic-pretzel-bites/, 11, 4.6, 52.30138624217553, True
slow cooker rosemary garlic beef stew slow cooker, http://www.budgetbytes.com/2014/10/slow-cooker-rosemary-garlic-beef-stew-slow-cooker/, 81, 4.8, 86.35057380689226, False
bacon spinach pasta parmesan, http://www.budgetbytes.com/2014/10/bacon-spinach-pasta-parmesan/, 50, 4.8, 83.78265662912298, True
slow cooker apple pumpkin pudding, http://www.budgetbytes.com/2014/10/slow-cooker-apple-pumpkin-pudding/, 11, 4.7, 62.26353745137963, True
parsley salad almonds apricots, http://www.budgetbytes.com/2014/10/parsley-salad-almonds-apricots/, 6, 4.8, 43.64905634363539, False
slow cooker 5 spice chicken, http://www.budgetbytes.com/2014/10/slow-cooker-5-spice-chicken/, 14, 4.8, 68.53073044604218, False
pumpkin spice granola, http://www.budgetbytes.com/2014/10/pumpkin-spice-granola/, 8, 4.9, 52.910519423013845, False
snap challenge creamy chicken black bean enchiladas, http://www.budgetbytes.com/2014/09/snap-challenge-creamy-chicken-black-bean-enchiladas/, 23, 4.9, 79.00841350594088, True
snap challenge vegetable stir fry noodles, http://www.budgetbytes.com/2014/09/snap-challenge-vegetable-stir-fry-noodles/, 23, 4.8, 73.20359570190598, False
snap challenge penne pasta sausage greens, http://www.budgetbytes.com/2014/09/snap-challenge-penne-pasta-sausage-greens/, 16, 4.6, 63.976668563251714, True
snap challenge peanut butter hummus, http://www.budgetbytes.com/2014/09/snap-challenge-peanut-butter-hummus/, 2, 5.0, 34.23719528896193, True
snap challenge one pot chili pasta, http://www.budgetbytes.com/2014/09/snap-challenge-one-pot-chili-pasta/, 54, 4.8, 84.89254853651705, True
snap challenge spinach rice breakfast bowls, http://www.budgetbytes.com/2014/09/snap-challenge-spinach-rice-breakfast-bowls/, 25, 4.9, 80.45552759497747, True
snap challenge soy dijon chicken thighs sweet potatoes, http://www.budgetbytes.com/2014/09/snap-challenge-soy-dijon-chicken-thighs-sweet-potatoes/, 31, 4.8, 79.28101168125356, False
snap challenge seasoned rice, http://www.budgetbytes.com/2014/09/snap-challenge-seasoned-rice/, 7, 5.0, 64.56611570247934, False
african peanut stew vegan, http://www.budgetbytes.com/2014/08/african-peanut-stew-vegan/, 64, 4.8, 85.00230335750312, True
creamy vegetarian enchilada pasta, http://www.budgetbytes.com/2014/08/creamy-vegetarian-enchilada-pasta/, 29, 4.7, 73.61455275293085, True
cajun potato salad, http://www.budgetbytes.com/2014/08/cajun-potato-salad/, 3, 5.0, 43.84939195509822, False
unstuffed bell peppers, http://www.budgetbytes.com/2014/08/unstuffed-bell-peppers/, 20, 4.8, 76.38641064874331, False
spicy hoisin noodle salad, http://www.budgetbytes.com/2014/08/spicy-hoisin-noodle-salad/, 6, 4.7, 43.64905634363539, False
knead pan pizza, http://www.budgetbytes.com/2014/08/knead-pan-pizza/, 17, 5.0, 81.56763396284354, True
spinach tomato quesadillas, http://www.budgetbytes.com/2014/08/spinach-tomato-quesadillas/, 8, 5.0, 67.55843804891231, True
slow cooker black bean soup, http://www.budgetbytes.com/2014/07/slow-cooker-black-bean-soup/, 62, 4.6, 78.48003079004455, False
crunchy kale chicken salad, http://www.budgetbytes.com/2014/07/crunchy-kale-chicken-salad/, 7, 5.0, 64.56611570247934, False
pesto ricotta pasta salad, http://www.budgetbytes.com/2014/07/pesto-ricotta-pasta-salad/, 7, 3.9, 35.892909014821264, False
sopa de fideo, http://www.budgetbytes.com/2014/07/sopa-de-fideo/, 18, 4.9, 74.24220019799247, False
orange balsamic cilantro salad, http://www.budgetbytes.com/2014/07/orange-balsamic-cilantro-salad/, 2, 5.0, 34.23719528896193, False
spicy tuna guacamole bowls, http://www.budgetbytes.com/2014/07/spicy-tuna-guacamole-bowls/, 24, 4.7, 74.1507847985494, False
chorizo sweet potato skillet, http://www.budgetbytes.com/2014/06/chorizo-sweet-potato-skillet/, 47, 4.9, 85.75121280614056, True
buffalo chicken pizza, http://www.budgetbytes.com/2014/06/buffalo-chicken-pizza/, 7, 5.0, 64.56611570247934, True
lemon blueberry cornbread skillet, http://www.budgetbytes.com/2014/06/lemon-blueberry-cornbread-skillet/, 12, 4.8, 64.61140782014047, True
marinated kale white bean tomato salad, http://www.budgetbytes.com/2014/06/marinated-kale-white-bean-tomato-salad/, 9, 4.9, 56.499378523193975, False
blackened tilapia, http://www.budgetbytes.com/2014/06/blackened-tilapia/, 6, 5.0, 60.96569663469354, True
sauteed corn tomatoes, http://www.budgetbytes.com/2014/06/sauteed-corn-tomatoes/, 7, 4.9, 48.686549668097015, True
roasted eggplant lemon tahini dressing, http://www.budgetbytes.com/2014/06/roasted-eggplant-lemon-tahini-dressing/, 3, 4.7, 20.765495512648787, False
baked pineapple teriyaki chicken thighs, http://www.budgetbytes.com/2014/06/baked-pineapple-teriyaki-chicken-thighs/, 22, 4.6, 66.66458812053, False
cheddar scallion scones, http://www.budgetbytes.com/2014/06/cheddar-scallion-scones/, 15, 4.7, 62.11750079348376, True
baked eggs spinach tomatoes, http://www.budgetbytes.com/2014/05/baked-eggs-spinach-tomatoes/, 21, 4.8, 71.08541613925932, True
oven roasted ratatouille, http://www.budgetbytes.com/2014/05/oven-roasted-ratatouille/, 17, 4.9, 73.01745479643719, True
southwest chicken skillet, http://www.budgetbytes.com/2014/05/southwest-chicken-skillet/, 82, 4.8, 86.50777373754472, True
falafel salad, http://www.budgetbytes.com/2014/05/falafel-salad/, 22, 4.9, 78.20151050048196, False
best ever avocado dip, http://www.budgetbytes.com/2014/05/best-ever-avocado-dip/, 6, 4.7, 43.64905634363539, False
kung pao chicken vegetables, http://www.budgetbytes.com/2014/05/kung-pao-chicken-vegetables/, 25, 5.0, 86.68035060468212, False
southwest spiced corn, http://www.budgetbytes.com/2014/04/southwest-spiced-corn/, 3, 5.0, 43.84939195509822, True
one pot sausage mushroom pasta, http://www.budgetbytes.com/2014/04/one-pot-sausage-mushroom-pasta/, 28, 4.6, 72.80377463234292, True
smores macarons, http://www.budgetbytes.com/2014/04/smores-macarons/, 6, 4.7, 43.64905634363539, True
beef pineapple enchiladas, http://www.budgetbytes.com/2014/04/beef-pineapple-enchiladas/, 9, 5.0, 70.08472464490406, False
vegetable alfredo pasta bake, http://www.budgetbytes.com/2014/04/vegetable-alfredo-pasta-bake/, 13, 4.6, 57.764829491368985, True
chorizo chicken jambalaya, http://www.budgetbytes.com/2014/04/chorizo-chicken-jambalaya/, 25, 4.6, 70.04380781662651, False
parsley pesto potatoes, http://www.budgetbytes.com/2014/03/parsley-pesto-potatoes/, 1, 5.0, 20.654329147389294, True
pasta eggplant sauce, http://www.budgetbytes.com/2014/03/pasta-eggplant-sauce/, 4, 4.5, 30.063605244263663, True
morning glory baked oatmeal, http://www.budgetbytes.com/2014/03/morning-glory-baked-oatmeal/, 12, 5.0, 75.74992425007574, True
coconut vegetable curry, http://www.budgetbytes.com/2014/03/coconut-vegetable-curry/, 41, 4.4, 68.73709004537022, True
easy southwest mac n cheese, http://www.budgetbytes.com/2014/03/easy-southwest-mac-n-cheese/, 14, 4.5, 60.0580922361363, True
chopped kale salad, http://www.budgetbytes.com/2014/03/chopped-kale-salad/, 4, 4.8, 30.063605244263663, True
portobello polenta bowls, http://www.budgetbytes.com/2014/03/portobello-polenta-bowls/, 12, 4.6, 55.196364261532736, True
vegan red beans rice, http://www.budgetbytes.com/2014/02/vegan-red-beans-rice/, 45, 4.8, 82.14312561135918, False
quick fix salad bar pizza, http://www.budgetbytes.com/2014/02/quick-fix-salad-bar-pizza/, 4, 4.8, 30.063605244263663, True
one pot beef mushroom stroganoff, http://www.budgetbytes.com/2014/02/one-pot-beef-mushroom-stroganoff/, 71, 4.7, 82.763759540867, True
strawberry white chocolate scones, http://www.budgetbytes.com/2014/02/strawberry-white-chocolate-scones/, 12, 4.9, 64.61140782014047, True
baked tilapia tomatoes, http://www.budgetbytes.com/2014/02/baked-tilapia-tomatoes/, 13, 4.6, 57.764829491368985, False
sausage kale skillet, http://www.budgetbytes.com/2014/02/sausage-kale-skillet/, 21, 4.9, 77.3301834137645, True
everything white bean dip, http://www.budgetbytes.com/2014/02/everything-white-bean-dip/, 6, 4.8, 43.64905634363539, False
chicken arrabbiata, http://www.budgetbytes.com/2014/02/chicken-arrabbiata/, 12, 4.6, 55.196364261532736, False
vegetable polenta casserole, http://www.budgetbytes.com/2014/01/vegetable-polenta-casserole/, 30, 4.1, 59.07132766967573, True
heat eat oatmeal, http://www.budgetbytes.com/2014/01/heat-eat-oatmeal/, 7, 4.6, 48.686549668097015, False
green chile turkey burgers, http://www.budgetbytes.com/2014/01/green-chile-turkey-burgers/, 10, 4.9, 59.584361450242774, True
chili roasted potatoes, http://www.budgetbytes.com/2014/01/chili-roasted-potatoes/, 10, 4.9, 59.584361450242774, False
homemade chili seasoning, http://www.budgetbytes.com/2014/01/homemade-chili-seasoning/, 15, 5.0, 79.6110733695652, False
artichoke chicken skillet, http://www.budgetbytes.com/2014/01/artichoke-chicken-skillet/, 24, 4.5, 68.99571185214243, False
easy white spinach pizza, http://www.budgetbytes.com/2014/01/easy-white-spinach-pizza/, 15, 4.8, 70.18292244757602, True
kale tortellini cranberry salad, http://www.budgetbytes.com/2014/01/kale-tortellini-cranberry-salad/, 4, 5.0, 51.009997959600085, True
chunky lentil vegetable soup, http://www.budgetbytes.com/2014/01/chunky-lentil-vegetable-soup/, 86, 4.9, 90.23896734174551, False
honey sriracha chicken thighs, http://www.budgetbytes.com/2013/12/honey-sriracha-chicken-thighs/, 44, 4.9, 84.86472847469683, False
spinach white bean salad, http://www.budgetbytes.com/2013/12/spinach-white-bean-salad/, 2, 5.0, 34.23719528896193, False
basic chili, http://www.budgetbytes.com/2013/12/basic-chili/, 15, 4.8, 70.18292244757602, False
cinnamon date walnut baked oatmeal, http://www.budgetbytes.com/2013/12/cinnamon-date-walnut-baked-oatmeal/, 4, 5.0, 51.009997959600085, True
crispy peppermint bark, http://www.budgetbytes.com/2013/12/crispy-peppermint-bark/, 7, 5.0, 64.56611570247934, False
roasted corn zucchini tacos, http://www.budgetbytes.com/2013/12/roasted-corn-zucchini-tacos/, 16, 4.9, 71.67073163197013, True
curried chickpeas spinach, http://www.budgetbytes.com/2013/12/curried-chickpeas-spinach/, 65, 4.8, 85.2176391786862, False
chicken turkey green chile enchiladas, http://www.budgetbytes.com/2013/11/chicken-turkey-green-chile-enchiladas/, 13, 5.0, 77.18981569447084, True
creamy pesto pasta chicken broccoli, http://www.budgetbytes.com/2013/11/creamy-pesto-pasta-chicken-broccoli/, 48, 4.8, 83.16430233725778, True
cranberry almond cake, http://www.budgetbytes.com/2013/11/cranberry-almond-cake/, 13, 4.8, 66.68546607175266, True
green bean mushroom casserole, http://www.budgetbytes.com/2013/11/green-bean-mushroom-casserole/, 9, 4.8, 56.499378523193975, True
greek stuffed pitas, http://www.budgetbytes.com/2013/11/greek-stuffed-pitas/, 15, 4.5, 62.11750079348376, True
date gorgonzola stuffed sweet potatoes, http://www.budgetbytes.com/2013/11/date-gorgonzola-stuffed-sweet-potatoes/, 6, 4.8, 43.64905634363539, False
turkey spinach pasta bake, http://www.budgetbytes.com/2013/11/turkey-spinach-pasta-bake/, 12, 4.8, 64.61140782014047, True
peanut lime dressing, http://www.budgetbytes.com/2013/11/peanut-lime-dressing/, 7, 5.0, 64.56611570247934, True
turkey sriracha meatballs, http://www.budgetbytes.com/2013/10/turkey-sriracha-meatballs/, 37, 4.9, 86.17562156243666, False
chorizo sweet potato chili, http://www.budgetbytes.com/2013/10/chorizo-sweet-potato-chili/, 24, 4.8, 74.1507847985494, False
bbq bean sliders, http://www.budgetbytes.com/2013/10/bbq-bean-sliders/, 18, 4.9, 74.24220019799247, False
split pea bacon potato soup, http://www.budgetbytes.com/2013/10/split-pea-bacon-potato-soup/, 23, 4.9, 79.00841350594088, False
spinach artichoke wonderpot, http://www.budgetbytes.com/2013/10/spinach-artichoke-wonderpot/, 71, 4.2, 68.02480275046752, False
spice rubbed roasted squash, http://www.budgetbytes.com/2013/10/spice-rubbed-roasted-squash/, 3, 4.7, 20.765495512648787, False
cranberry apple baked oatmeal, http://www.budgetbytes.com/2013/10/cranberry-apple-baked-oatmeal/, 19, 4.8, 75.3607846634548, True
garlic parmesan kale pasta, http://www.budgetbytes.com/2013/10/garlic-parmesan-kale-pasta/, 26, 5.0, 87.12669561953783, True
chili cornbread skillet, http://www.budgetbytes.com/2013/10/chili-cornbread-skillet/, 35, 4.8, 81.39261926062996, True
slow cooker chicken dumplings, http://www.budgetbytes.com/2013/10/slow-cooker-chicken-dumplings/, 54, 4.8, 84.89254853651705, True
oatmeal pumpkin cookies, http://www.budgetbytes.com/2013/09/oatmeal-pumpkin-cookies/, 25, 4.7, 75.03348787704218, True
oven roasted autumn medley, http://www.budgetbytes.com/2013/09/oven-roasted-autumn-medley/, 27, 5.0, 87.54409628553643, False
cajun chicken pasta, http://www.budgetbytes.com/2013/09/cajun-chicken-pasta/, 38, 4.9, 86.50482156319973, True
grilled broccoli cheese, http://www.budgetbytes.com/2013/09/grilled-broccoli-cheese/, 5, 5.0, 56.5508505247919, True
tomato herb soup, http://www.budgetbytes.com/2013/09/tomato-herb-soup/, 19, 5.0, 83.18156346315494, False
cashew rice pilaf, http://www.budgetbytes.com/2013/09/cashew-rice-pilaf/, 15, 5.0, 79.6110733695652, True
slow cooker white bean soup, http://www.budgetbytes.com/2013/09/slow-cooker-white-bean-soup/, 74, 4.4, 73.75997655871838, False
chicken pineapple quesadillas, http://www.budgetbytes.com/2013/09/chicken-pineapple-quesadillas/, 13, 4.9, 66.68546607175266, True
baked barley mushrooms, http://www.budgetbytes.com/2013/09/baked-barley-mushrooms/, 14, 4.6, 60.0580922361363, True
spinach feta grilled cheese, http://www.budgetbytes.com/2013/08/spinach-feta-grilled-cheese/, 31, 5.0, 88.9740999265246, True
3 bean salad, http://www.budgetbytes.com/2013/08/3-bean-salad/, 5, 4.8, 37.552826411853886, False
beef taco pasta, http://www.budgetbytes.com/2013/08/beef-taco-pasta/, 30, 4.8, 78.67618227892791, True
chicken pumpkin soup, http://www.budgetbytes.com/2013/08/chicken-pumpkin-soup/, 21, 5.0, 84.5356176735798, False
peach ricotta crostini, http://www.budgetbytes.com/2013/08/peach-ricotta-crostini/, 3, 4.7, 20.765495512648787, True
southwest steak bowls, http://www.budgetbytes.com/2013/08/southwest-steak-bowls/, 12, 4.8, 64.61140782014047, True
roasted vegetable chickpea salad, http://www.budgetbytes.com/2013/08/roasted-vegetable-chickpea-salad/, 7, 5.0, 64.56611570247934, True
cold soba cucumber salad, http://www.budgetbytes.com/2013/08/cold-soba-cucumber-salad/, 11, 4.9, 62.26353745137963, False
easy sesame chicken, http://www.budgetbytes.com/2013/08/easy-sesame-chicken/, 219, 4.6, 85.25899062887488, False
soft oat nut bars, http://www.budgetbytes.com/2013/08/soft-oat-nut-bars/, 18, 4.8, 74.24220019799247, True
creamy tomato spinach pasta, http://www.budgetbytes.com/2013/07/creamy-tomato-spinach-pasta/, 169, 4.9, 93.26193631208561, True
confetti chickpea salad, http://www.budgetbytes.com/2013/07/confetti-chickpea-salad/, 7, 4.7, 48.686549668097015, False
crumpets, http://www.budgetbytes.com/2013/07/crumpets/, 8, 4.5, 52.910519423013845, True
spicy shrimp tomato pasta, http://www.budgetbytes.com/2013/07/spicy-shrimp-tomato-pasta/, 43, 4.7, 78.39701160146731, True
sweet chili chicken bowls, http://www.budgetbytes.com/2013/07/sweet-chili-chicken-bowls/, 13, 4.5, 57.764829491368985, False
southwest cornbread salad, http://www.budgetbytes.com/2013/07/southwest-cornbread-salad/, 9, 4.7, 56.499378523193975, True
bbq black bean pizzas, http://www.budgetbytes.com/2013/07/bbq-black-bean-pizzas/, 13, 4.8, 66.68546607175266, True
sausage pepper pasta, http://www.budgetbytes.com/2013/07/sausage-pepper-pasta/, 20, 4.7, 69.89617935882066, False
ham potato frittata, http://www.budgetbytes.com/2013/07/ham-potato-frittata/, 6, 5.0, 60.96569663469354, True
creamy garden pasta salad, http://www.budgetbytes.com/2013/07/creamy-garden-pasta-salad/, 8, 5.0, 67.55843804891231, True
teriyaki noodle bowls, http://www.budgetbytes.com/2013/06/teriyaki-noodle-bowls/, 30, 4.8, 78.67618227892791, False
hummus breakfast mug, http://www.budgetbytes.com/2013/06/hummus-breakfast-mug/, 11, 4.9, 62.26353745137963, False
honey sunflower bread, http://www.budgetbytes.com/2013/06/honey-sunflower-bread/, 7, 4.9, 48.686549668097015, False
greek marinated chicken, http://www.budgetbytes.com/2013/06/greek-marinated-chicken/, 120, 4.5, 80.39690855177498, True
lemony cucumber couscous salad, http://www.budgetbytes.com/2013/06/lemony-cucumber-couscous-salad/, 32, 4.8, 79.85253275199642, True
wilted kale and lentil salad, http://www.budgetbytes.com/2013/06/wilted-kale-and-lentil-salad/, 11, 4.7, 62.26353745137963, False
country breakfast bowls freezable, http://www.budgetbytes.com/2013/06/country-breakfast-bowls-freezable/, 41, 4.9, 83.86073303764864, True
green gazpacho, http://www.budgetbytes.com/2013/06/green-gazpacho/, 9, 5.0, 70.08472464490406, False
roasted poblano grits with chorizo, http://www.budgetbytes.com/2013/06/roasted-poblano-grits-with-chorizo/, 5, 5.0, 56.5508505247919, True
roasted poblano hummus, http://www.budgetbytes.com/2013/06/roasted-poblano-hummus/, 2, 5.0, 34.23719528896193, False
italian wonderpot, http://www.budgetbytes.com/2013/05/italian-wonderpot/, 202, 4.7, 87.52184260869488, True
peanut butter banana quesadillas, http://www.budgetbytes.com/2013/05/peanut-butter-banana-quesadillas/, 16, 4.8, 71.67073163197013, True
carrot orzo salad, http://www.budgetbytes.com/2013/05/carrot-orzo-salad/, 11, 4.9, 62.26353745137963, True
maple dijon chicken, http://www.budgetbytes.com/2013/05/maple-dijon-chicken/, 18, 4.9, 74.24220019799247, False
southwest breakfast scramble, http://www.budgetbytes.com/2013/05/southwest-breakfast-scramble/, 8, 5.0, 67.55843804891231, True
chana saag, http://www.budgetbytes.com/2013/05/chana-saag/, 24, 4.6, 68.99571185214243, True
chipotle sweet potato burgers, http://www.budgetbytes.com/2013/05/chipotle-sweet-potato-burgers/, 32, 4.8, 79.85253275199642, False
not philly cheesesteak sandwiches, http://www.budgetbytes.com/2013/04/not-philly-cheesesteak-sandwiches/, 2, 5.0, 34.23719528896193, True
roasted vegetable french bread pizza, http://www.budgetbytes.com/2013/04/roasted-vegetable-french-bread-pizza/, 8, 4.9, 52.910519423013845, True
golden rice bowls, http://www.budgetbytes.com/2013/04/golden-rice-bowls/, 20, 4.8, 76.38641064874331, True
funky monkey baked oatmeal, http://www.budgetbytes.com/2013/04/funky-monkey-baked-oatmeal/, 12, 4.8, 64.61140782014047, True
beef ragout with mashed cauliflower, http://www.budgetbytes.com/2013/04/beef-ragout-with-mashed-cauliflower/, 6, 4.8, 43.64905634363539, True
black bean avocado enchiladas, http://www.budgetbytes.com/2013/04/black-bean-avocado-enchiladas/, 65, 4.9, 89.457094974074, False
hoisin beef tacos with sweet sour slaw, http://www.budgetbytes.com/2013/04/hoisin-beef-tacos-with-sweet-sour-slaw/, 9, 4.9, 56.499378523193975, False
bbq beef stuffed potatoes, http://www.budgetbytes.com/2013/04/bbq-beef-stuffed-potatoes/, 3, 4.7, 20.765495512648787, True
multi purpose shredded beef, http://www.budgetbytes.com/2013/04/multi-purpose-shredded-beef/, 4, 5.0, 51.009997959600085, False
simple portabella pasta, http://www.budgetbytes.com/2013/04/simple-portabella-pasta/, 2, 5.0, 34.23719528896193, True
banh mi bowls, http://www.budgetbytes.com/2013/03/banh-mi-bowls/, 8, 4.9, 52.910519423013845, False
whole wheat oatmeal pancakes, http://www.budgetbytes.com/2013/03/whole-wheat-oatmeal-pancakes/, 8, 4.4, 40.926987910258916, True
zesty tomato artichoke pasta, http://www.budgetbytes.com/2013/03/zesty-tomato-artichoke-pasta/, 12, 4.7, 64.61140782014047, True
loaded sweet potatoes, http://www.budgetbytes.com/2013/03/loaded-sweet-potatoes/, 5, 5.0, 56.5508505247919, True
navy bean soup with sausage spinach, http://www.budgetbytes.com/2013/03/navy-bean-soup-with-sausage-spinach/, 12, 4.8, 64.61140782014047, False
island rice pilaf, http://www.budgetbytes.com/2013/03/island-rice-pilaf/, 3, 4.3, 20.765495512648787, True
sriracha caramel corn, http://www.budgetbytes.com/2013/03/sriracha-caramel-corn/, 2, 5.0, 34.23719528896193, True
slow cooker jerk chicken, http://www.budgetbytes.com/2013/03/slow-cooker-jerk-chicken/, 12, 4.8, 64.61140782014047, False
tuna noodle casserole with olives spinach, http://www.budgetbytes.com/2013/02/tuna-noodle-casserole-with-olives-spinach/, 6, 4.8, 43.64905634363539, True
sweet potato kale salad, http://www.budgetbytes.com/2013/02/sweet-potato-kale-salad/, 3, 5.0, 43.84939195509822, False
blueberry mug muffin, http://www.budgetbytes.com/2013/02/blueberry-mug-muffin/, 43, 4.5, 72.7361234055743, True
oven fajitas, http://www.budgetbytes.com/2013/02/oven-fajitas/, 146, 4.9, 93.16770969839958, True
taco pizza, http://www.budgetbytes.com/2013/02/taco-pizza/, 8, 4.9, 52.910519423013845, True
cardamom cornmeal cookies, http://www.budgetbytes.com/2013/02/cardamom-cornmeal-cookies/, 3, 5.0, 43.84939195509822, True
honey mustard chicken salad, http://www.budgetbytes.com/2013/02/honey-mustard-chicken-salad/, 5, 5.0, 56.5508505247919, False
natures candy, http://www.budgetbytes.com/2013/02/natures-candy/, 10, 4.8, 59.584361450242774, False
salsa chicken casserole, http://www.budgetbytes.com/2013/01/salsa-chicken-casserole/, 68, 4.7, 82.05602176535452, True
chunky beef stew, http://www.budgetbytes.com/2013/01/chunky-beef-stew/, 12, 4.9, 64.61140782014047, False
creamy spinach sausage pasta, http://www.budgetbytes.com/2013/01/creamy-spinach-sausage-pasta/, 57, 4.7, 81.05488754539574, False
chai spiced scones, http://www.budgetbytes.com/2013/01/chai-spiced-scones/, 9, 4.6, 56.499378523193975, True
vegetable pot pie, http://www.budgetbytes.com/2013/01/vegetable-pot-pie/, 5, 4.6, 37.552826411853886, True
kale pasta salad, http://www.budgetbytes.com/2013/01/kale-pasta-salad/, 5, 4.6, 37.552826411853886, True
stromboli, http://www.budgetbytes.com/2013/01/stromboli/, 10, 4.7, 59.584361450242774, True
jalapeno popper mac cheese, http://www.budgetbytes.com/2013/01/jalapeno-popper-mac-cheese/, 4, 4.8, 30.063605244263663, True
quinoa black bean tacos, http://www.budgetbytes.com/2013/01/quinoa-black-bean-tacos/, 5, 4.8, 37.552826411853886, False
chicken in peanut sauce, http://www.budgetbytes.com/2013/01/chicken-in-peanut-sauce/, 29, 4.6, 73.61455275293085, True
apple nut quinoa, http://www.budgetbytes.com/2012/12/apple-nut-quinoa/, 3, 4.7, 20.765495512648787, False
candied almonds, http://www.budgetbytes.com/2012/12/candied-almonds/, 4, 4.8, 30.063605244263663, False
sausage kale cassoulet, http://www.budgetbytes.com/2012/12/sausage-kale-cassoulet/, 9, 4.9, 56.499378523193975, False
pesto chickpea salad, http://www.budgetbytes.com/2012/12/pesto-chickpea-salad/, 7, 4.9, 48.686549668097015, False
roasted root vegetables, http://www.budgetbytes.com/2012/12/roasted-root-vegetables/, 1, 5.0, 20.654329147389294, False
soy dijon pork tenderloin, http://www.budgetbytes.com/2012/11/soy-dijon-pork-tenderloin/, 17, 5.0, 81.56763396284354, True
caramelized onion mushroom white pizza, http://www.budgetbytes.com/2012/11/caramelized-onion-mushroom-white-pizza/, 7, 4.9, 48.686549668097015, True
spicy hoppin john salad, http://www.budgetbytes.com/2012/11/spicy-hoppin-john-salad/, 2, 4.5, 9.452865480086611, False
choco coconut granola, http://www.budgetbytes.com/2012/11/choco-coconut-granola/, 10, 4.0, 39.67732199795652, False
ranch chops, http://www.budgetbytes.com/2012/11/ranch-chops/, 1, 5.0, 20.654329147389294, True
pumpkin molasses bread, http://www.budgetbytes.com/2012/11/pumpkin-molasses-bread/, 8, 4.6, 52.910519423013845, True
chicken enchilada pasta, http://www.budgetbytes.com/2012/11/chicken-enchilada-pasta/, 14, 4.8, 68.53073044604218, True
vegan red lentil stew, http://www.budgetbytes.com/2012/11/vegan-red-lentil-stew/, 21, 4.9, 77.3301834137645, False
sweet potato grits, http://www.budgetbytes.com/2012/11/sweet-potato-grits/, 3, 4.7, 20.765495512648787, True
joes special my way, http://www.budgetbytes.com/2012/11/joes-special-my-way/, 7, 4.6, 48.686549668097015, True
aztec cocoa, http://www.budgetbytes.com/2012/10/aztec-cocoa/, 4, 4.8, 30.063605244263663, True
chipotle chicken chili or c3, http://www.budgetbytes.com/2012/10/chipotle-chicken-chili-or-c3/, 8, 5.0, 67.55843804891231, False
apple pie baked oatmeal, http://www.budgetbytes.com/2012/10/apple-pie-baked-oatmeal/, 12, 4.7, 64.61140782014047, True
chicken lime soup, http://www.budgetbytes.com/2012/10/chicken-lime-soup/, 78, 4.9, 91.12455918660102, False
spicy green beans, http://www.budgetbytes.com/2012/10/spicy-green-beans/, 4, 5.0, 51.009997959600085, True
curry beef with peas, http://www.budgetbytes.com/2012/10/curry-beef-with-peas/, 20, 4.8, 76.38641064874331, False
lemon pudding cakes for two, http://www.budgetbytes.com/2012/10/lemon-pudding-cakes-for-two/, 3, 4.7, 20.765495512648787, True
tuna white bean salad, http://www.budgetbytes.com/2012/10/tuna-white-bean-salad/, 7, 4.9, 48.686549668097015, False
baked spaghetti with sausage, http://www.budgetbytes.com/2012/09/baked-spaghetti-with-sausage/, 10, 5.0, 72.24598312333835, True
pumpkin yogurt parfaits, http://www.budgetbytes.com/2012/09/pumpkin-yogurt-parfaits/, 3, 4.7, 20.765495512648787, True
shrimp rice salad, http://www.budgetbytes.com/2012/09/shrimp-rice-salad/, 3, 5.0, 43.84939195509822, False
hawaiian ham quesadillas, http://www.budgetbytes.com/2012/09/hawaiian-ham-quesadillas/, 4, 4.8, 30.063605244263663, True
tangy tomato pasta, http://www.budgetbytes.com/2012/09/tangy-tomato-pasta/, 7, 5.0, 64.56611570247934, True
chocolate hummus, http://www.budgetbytes.com/2012/09/chocolate-hummus/, 4, 3.8, 15.003570882017145, True
roasted vegetable burritos, http://www.budgetbytes.com/2012/09/roasted-vegetable-burritos/, 16, 4.9, 71.67073163197013, True
spinach pie, http://www.budgetbytes.com/2012/09/spinach-pie/, 16, 4.8, 71.67073163197013, True
spinach tortellini soup, http://www.budgetbytes.com/2012/09/spinach-tortellini-soup/, 15, 4.5, 62.11750079348376, True
how to make chicken broth, http://www.budgetbytes.com/2012/08/how-to-make-chicken-broth/, 1, 3.0, 0.0, False
slow cooker chicken, http://www.budgetbytes.com/2012/08/slow-cooker-chicken/, 1, 5.0, 20.654329147389294, False
blueberry banana baked oatmeal, http://www.budgetbytes.com/2012/08/blueberry-banana-baked-oatmeal/, 13, 4.8, 66.68546607175266, True
taco stuffed shells, http://www.budgetbytes.com/2012/08/taco-stuffed-shells/, 11, 4.8, 62.26353745137963, True
not sun dried tomato sauce, http://www.budgetbytes.com/2012/08/not-sun-dried-tomato-sauce/, 7, 4.9, 48.686549668097015, False
spicy noodles, http://www.budgetbytes.com/2012/08/spicy-noodles/, 205, 4.9, 93.7626720614581, True
red enchilada sauce, http://www.budgetbytes.com/2012/08/red-enchilada-sauce/, 48, 4.6, 77.83231187385907, False
vegetable tamale pie, http://www.budgetbytes.com/2012/08/vegetable-tamale-pie/, 7, 5.0, 64.56611570247934, True
baked zucchini fries, http://www.budgetbytes.com/2012/07/baked-zucchini-fries/, 6, 5.0, 60.96569663469354, True
honey balsamic chicken tenders, http://www.budgetbytes.com/2012/07/honey-balsamic-chicken-tenders/, 58, 4.5, 75.0738501271678, True
jewel pasta, http://www.budgetbytes.com/2012/07/jewel-pasta/, 1, 5.0, 20.654329147389294, True
curry chicken salad, http://www.budgetbytes.com/2012/07/curry-chicken-salad/, 3, 4.7, 20.765495512648787, True
how to make yogurt, http://www.budgetbytes.com/2012/07/how-to-make-yogurt/, 7, 5.0, 64.56611570247934, True
roasted corn salad, http://www.budgetbytes.com/2012/07/roasted-corn-salad/, 4, 5.0, 51.009997959600085, False
root beer pulled pork, http://www.budgetbytes.com/2012/07/root-beer-pulled-pork/, 6, 4.8, 43.64905634363539, False
chorizo breakfast nachos, http://www.budgetbytes.com/2012/07/chorizo-breakfast-nachos/, 1, 5.0, 20.654329147389294, True
sweet potato corn cakes with garlic dipping sauce, http://www.budgetbytes.com/2012/07/sweet-potato-corn-cakes-with-garlic-dipping-sauce/, 35, 4.7, 77.62040092883748, True
honey ginger broiled grapefruit, http://www.budgetbytes.com/2012/06/honey-ginger-broiled-grapefruit/, 1, 4.0, 0.0, False
apple dijon kale salad, http://www.budgetbytes.com/2012/06/apple-dijon-kale-salad/, 12, 4.9, 64.61140782014047, False
quick sweet sour stir fry, http://www.budgetbytes.com/2012/06/quick-sweet-sour-stir-fry/, 6, 4.8, 43.64905634363539, False
thai turkey meatloaf, http://www.budgetbytes.com/2012/06/thai-turkey-meatloaf/, 10, 4.9, 59.584361450242774, False
cucumber raita, http://www.budgetbytes.com/2012/06/cucumber-raita/, 1, 5.0, 20.654329147389294, True
tandoori chicken bites, http://www.budgetbytes.com/2012/06/tandoori-chicken-bites/, 7, 4.7, 48.686549668097015, True
the one chocolate mug cake, http://www.budgetbytes.com/2012/06/the-one-chocolate-mug-cake/, 29, 4.7, 73.61455275293085, True
miracle mac n cheese, http://www.budgetbytes.com/2012/06/miracle-mac-n-cheese/, 35, 4.3, 64.10806339053748, True
mango coconut jasmine rice, http://www.budgetbytes.com/2012/06/mango-coconut-jasmine-rice/, 3, 5.0, 43.84939195509822, True
rosemary pepper drop biscuits, http://www.budgetbytes.com/2012/05/rosemary-pepper-drop-biscuits/, 3, 5.0, 43.84939195509822, True
kale chickpea soup, http://www.budgetbytes.com/2012/05/kale-chickpea-soup/, 9, 4.9, 56.499378523193975, False
lemon raspberry baked oatmeal, http://www.budgetbytes.com/2012/05/lemon-raspberry-baked-oatmeal/, 4, 4.5, 30.063605244263663, True
summer succotash, http://www.budgetbytes.com/2012/05/summer-succotash/, 1, 5.0, 20.654329147389294, True
mediterranean quesadillas, http://www.budgetbytes.com/2012/05/mediterranean-quesadillas/, 2, 5.0, 34.23719528896193, True
chili cheese beef n mac, http://www.budgetbytes.com/2012/05/chili-cheese-beef-n-mac/, 37, 4.9, 86.17562156243666, True
roasted garlic pasta salad, http://www.budgetbytes.com/2012/05/roasted-garlic-pasta-salad/, 17, 3.8, 41.29996672121183, True
pineapple ginger lassi, http://www.budgetbytes.com/2012/05/pineapple-ginger-lassi/, 3, 5.0, 43.84939195509822, True
orange molasses pork chops, http://www.budgetbytes.com/2012/04/orange-molasses-pork-chops/, 2, 4.5, 9.452865480086611, False
quinoa tabbouleh, http://www.budgetbytes.com/2012/04/quinoa-tabbouleh/, 7, 4.7, 48.686549668097015, False
spinach artichoke lasagna, http://www.budgetbytes.com/2012/04/spinach-artichoke-lasagna/, 2, 5.0, 34.23719528896193, True
southwest salad with taco ranch dressing, http://www.budgetbytes.com/2012/04/southwest-salad-with-taco-ranch-dressing/, 2, 5.0, 34.23719528896193, True
lentil tacos, http://www.budgetbytes.com/2012/04/lentil-tacos/, 5, 5.0, 56.5508505247919, True
chocolate banana baked oatmeal, http://www.budgetbytes.com/2012/04/chocolate-banana-baked-oatmeal/, 6, 4.7, 43.64905634363539, True
lemon herb egg salad, http://www.budgetbytes.com/2012/04/lemon-herb-egg-salad/, 5, 5.0, 56.5508505247919, False
parsley pesto pasta, http://www.budgetbytes.com/2012/04/parsley-pesto-pasta/, 7, 4.9, 48.686549668097015, True
focaccia rolls, http://www.budgetbytes.com/2012/04/focaccia-rolls/, 14, 4.9, 68.53073044604218, False
kale chorizo frittata, http://www.budgetbytes.com/2012/03/kale-chorizo-frittata/, 4, 4.3, 30.063605244263663, True
loaded baked potato fries, http://www.budgetbytes.com/2012/03/loaded-baked-potato-fries/, 5, 4.6, 37.552826411853886, True
honey spice chicken thighs, http://www.budgetbytes.com/2012/03/honey-spice-chicken-thighs/, 26, 4.8, 75.85805251948496, False
caesar roasted cabbage, http://www.budgetbytes.com/2012/03/caesar-roasted-cabbage/, 5, 4.4, 37.552826411853886, True
chicken yakisoba, http://www.budgetbytes.com/2012/03/chicken-yakisoba/, 98, 4.6, 82.22706682871846, False
coconut lentils, http://www.budgetbytes.com/2012/03/coconut-lentils/, 4, 4.5, 30.063605244263663, True
indian style creamed spinach, http://www.budgetbytes.com/2012/03/indian-style-creamed-spinach/, 17, 5.0, 81.56763396284354, True
brown butter soda bread, http://www.budgetbytes.com/2012/03/brown-butter-soda-bread/, 1, 5.0, 20.654329147389294, True
sriracha hummus, http://www.budgetbytes.com/2012/03/sriracha-hummus/, 4, 5.0, 51.009997959600085, False
kale swiss tomato pizza, http://www.budgetbytes.com/2012/03/kale-swiss-tomato-pizza/, 2, 5.0, 34.23719528896193, True
chili lime shrimp bowls, http://www.budgetbytes.com/2012/03/chili-lime-shrimp-bowls/, 6, 4.7, 43.64905634363539, False
honey balsamic carrots, http://www.budgetbytes.com/2012/02/honey-balsamic-carrots/, 2, 5.0, 34.23719528896193, True
herb roasted pork loin, http://www.budgetbytes.com/2012/02/herb-roasted-pork-loin/, 15, 4.9, 70.18292244757602, False
taco seasoning, http://www.budgetbytes.com/2012/02/taco-seasoning/, 7, 5.0, 64.56611570247934, False
hearty black bean quesadillas, http://www.budgetbytes.com/2012/02/hearty-black-bean-quesadillas/, 78, 4.9, 91.12455918660102, True
spicy sausage broccoli pasta, http://www.budgetbytes.com/2012/02/spicy-sausage-broccoli-pasta/, 7, 4.9, 48.686549668097015, True
strawberry champagne jello shots, http://www.budgetbytes.com/2012/02/strawberry-champagne-jello-shots/, 1, 3.0, 0.0, False
chicken noodle soup, http://www.budgetbytes.com/2012/02/chicken-noodle-soup/, 24, 4.9, 79.75777375115779, False
crunchy asian salad, http://www.budgetbytes.com/2012/02/crunchy-asian-salad/, 7, 4.0, 35.892909014821264, False
sesame ginger dressing, http://www.budgetbytes.com/2012/02/sesame-ginger-dressing/, 6, 4.8, 43.64905634363539, False
broccoli fettuccine alfredo, http://www.budgetbytes.com/2012/02/broccoli-fettuccine-alfredo/, 21, 4.8, 71.08541613925932, True
teriyaki meatball bowls, http://www.budgetbytes.com/2012/01/teriyaki-meatball-bowls/, 37, 4.8, 82.2950349364601, False
cinnamon pecan granola, http://www.budgetbytes.com/2012/01/cinnamon-pecan-granola/, 6, 5.0, 60.96569663469354, False
chicken piccatta, http://www.budgetbytes.com/2012/01/chicken-piccatta/, 5, 5.0, 56.5508505247919, True
thai chicken pizza, http://www.budgetbytes.com/2012/01/thai-chicken-pizza/, 5, 5.0, 56.5508505247919, True
avocado breakfast pita, http://www.budgetbytes.com/2012/01/avocado-breakfast-pita/, 3, 5.0, 43.84939195509822, False
not meatballs marinara, http://www.budgetbytes.com/2012/01/not-meatballs-marinara/, 2, 5.0, 34.23719528896193, True
banana bread oatmeal, http://www.budgetbytes.com/2011/12/banana-bread-oatmeal/, 15, 4.8, 70.18292244757602, True
quick chocolate pudding, http://www.budgetbytes.com/2011/12/quick-chocolate-pudding/, 5, 4.4, 37.552826411853886, True
coconut rice take 2, http://www.budgetbytes.com/2011/12/coconut-rice-take-2/, 18, 4.9, 74.24220019799247, True
pineapple teriyaki chicken thighs, http://www.budgetbytes.com/2011/12/pineapple-teriyaki-chicken-thighs/, 5, 4.0, 23.0719932208837, False
tahini kale salad, http://www.budgetbytes.com/2011/12/tahini-kale-salad/, 5, 4.6, 37.552826411853886, False
shredded taco beef, http://www.budgetbytes.com/2011/12/shredded-taco-beef/, 1, 5.0, 20.654329147389294, False
chocolate gingersnaps, http://www.budgetbytes.com/2011/12/chocolate-gingersnaps/, 2, 5.0, 34.23719528896193, True
cumin lime chickpeas, http://www.budgetbytes.com/2011/12/cumin-lime-chickpeas/, 1, 5.0, 20.654329147389294, False
gingerbread baked oatmeal, http://www.budgetbytes.com/2011/12/gingerbread-baked-oatmeal/, 2, 5.0, 34.23719528896193, True
slow cooker potato soup, http://www.budgetbytes.com/2011/12/slow-cooker-potato-soup/, 23, 4.3, 58.09611981726508, True
vegetable egg rolls, http://www.budgetbytes.com/2011/11/vegetable-egg-rolls/, 11, 4.9, 62.26353745137963, False
no knead cinnamon rolls, http://www.budgetbytes.com/2011/11/no-knead-cinnamon-rolls/, 5, 3.8, 23.0719932208837, True
maple roasted sweet potatoes with pecans, http://www.budgetbytes.com/2011/11/maple-roasted-sweet-potatoes-with-pecans/, 2, 5.0, 34.23719528896193, False
turkey stuffing casserole, http://www.budgetbytes.com/2011/11/turkey-stuffing-casserole/, 2, 5.0, 34.23719528896193, False
sweet potato biscuits, http://www.budgetbytes.com/2011/11/sweet-potato-biscuits/, 3, 5.0, 43.84939195509822, True
spinach mushroom feta crustless quiche, http://www.budgetbytes.com/2011/11/spinach-mushroom-feta-crustless-quiche/, 83, 4.8, 86.66139690358544, True
artichoke pasta bake, http://www.budgetbytes.com/2011/11/artichoke-pasta-bake/, 1, 5.0, 20.654329147389294, True
slow cooker marinara, http://www.budgetbytes.com/2011/11/slow-cooker-marinara/, 20, 4.9, 76.38641064874331, False
apple cranberry hand pies, http://www.budgetbytes.com/2011/11/apple-cranberry-hand-pies/, 1, 5.0, 20.654329147389294, True
turmeric chicken, http://www.budgetbytes.com/2011/10/turmeric-chicken/, 15, 4.8, 70.18292244757602, True
curry roasted cauliflower, http://www.budgetbytes.com/2011/10/curry-roasted-cauliflower/, 7, 4.1, 35.892909014821264, False
creamy chicken rice soup, http://www.budgetbytes.com/2011/10/creamy-chicken-rice-soup/, 10, 5.0, 72.24598312333835, True
pumpkin smoothie, http://www.budgetbytes.com/2011/10/pumpkin-smoothie/, 3, 5.0, 43.84939195509822, True
butternut squash pasta salad, http://www.budgetbytes.com/2011/10/butternut-squash-pasta-salad/, 2, 4.5, 9.452865480086611, True
chocolate cinnamon swirl bread, http://www.budgetbytes.com/2011/10/chocolate-cinnamon-swirl-bread/, 4, 5.0, 51.009997959600085, False
chicken n apple salad, http://www.budgetbytes.com/2011/10/chicken-n-apple-salad/, 4, 4.5, 30.063605244263663, True
sausage kale soup, http://www.budgetbytes.com/2011/10/sausage-kale-soup/, 4, 5.0, 51.009997959600085, False
coffee rubbed pork roast, http://www.budgetbytes.com/2011/10/coffee-rubbed-pork-roast/, 8, 4.6, 52.910519423013845, False
slow cooker baked beans, http://www.budgetbytes.com/2011/09/slow-cooker-baked-beans/, 2, 5.0, 34.23719528896193, False
baked pumpkin pie oatmeal, http://www.budgetbytes.com/2011/09/baked-pumpkin-pie-oatmeal/, 57, 4.8, 85.6302223395287, True
pesto focaccia pizza, http://www.budgetbytes.com/2011/09/pesto-focaccia-pizza/, 1, 5.0, 20.654329147389294, True
sriracha peach crisp, http://www.budgetbytes.com/2011/09/sriracha-peach-crisp/, 1, 1.0, 0.0, True
balsamic bruschetta chicken, http://www.budgetbytes.com/2011/09/balsamic-bruschetta-chicken/, 7, 5.0, 64.56611570247934, True
ginger scallion soba salad, http://www.budgetbytes.com/2011/09/ginger-scallion-soba-salad/, 3, 4.3, 20.765495512648787, False
teriyaki salmon w sriracha mayo, http://www.budgetbytes.com/2011/09/teriyaki-salmon-w-sriracha-mayo/, 10, 5.0, 72.24598312333835, False
vinaigrette slaw with feta, http://www.budgetbytes.com/2011/09/vinaigrette-slaw-with-feta/, 1, 5.0, 20.654329147389294, True
apple flax muffins, http://www.budgetbytes.com/2011/09/apple-flax-muffins/, 2, 5.0, 34.23719528896193, True
roasted vegetable couscous, http://www.budgetbytes.com/2011/08/roasted-vegetable-couscous/, 6, 5.0, 60.96569663469354, False
moroccan beef stew, http://www.budgetbytes.com/2011/08/moroccan-beef-stew/, 8, 4.5, 52.910519423013845, False
oatmeal molasses bread, http://www.budgetbytes.com/2011/08/oatmeal-molasses-bread/, 7, 5.0, 64.56611570247934, True
spicy pickled carrots, http://www.budgetbytes.com/2011/08/spicy-pickled-carrots/, 2, 4.5, 9.452865480086611, False
chili lime pork loin, http://www.budgetbytes.com/2011/08/chili-lime-pork-loin/, 8, 5.0, 67.55843804891231, False
seven layer dip, http://www.budgetbytes.com/2011/08/seven-layer-dip/, 1, 5.0, 20.654329147389294, True
not refried beans, http://www.budgetbytes.com/2011/08/not-refried-beans/, 32, 4.7, 75.78150066422117, False
summer vegetable tian, http://www.budgetbytes.com/2011/08/summer-vegetable-tian/, 98, 4.7, 84.71155101442123, True
easy ricotta gnocchi, http://www.budgetbytes.com/2011/08/easy-ricotta-gnocchi/, 11, 4.7, 62.26353745137963, True
pizzadillas, http://www.budgetbytes.com/2011/08/pizzadillas/, 3, 5.0, 43.84939195509822, True
thick rich pizza sauce, http://www.budgetbytes.com/2011/08/thick-rich-pizza-sauce/, 7, 5.0, 64.56611570247934, False
baked oatmeal, http://www.budgetbytes.com/2011/07/baked-oatmeal/, 5, 5.0, 56.5508505247919, True
yellow jasmine rice, http://www.budgetbytes.com/2011/07/yellow-jasmine-rice/, 55, 4.8, 85.14670569551008, True
chicken adobo, http://www.budgetbytes.com/2011/07/chicken-adobo/, 9, 5.0, 70.08472464490406, False
taco chicken bowls, http://www.budgetbytes.com/2011/07/taco-chicken-bowls/, 126, 4.8, 88.97579028885562, True
10 min rocky road fudge, http://www.budgetbytes.com/2011/07/10-min-rocky-road-fudge/, 3, 4.3, 20.765495512648787, True
mediterranean tuna pasta, http://www.budgetbytes.com/2011/07/mediterranean-tuna-pasta/, 3, 4.7, 20.765495512648787, False
broccoli sambal, http://www.budgetbytes.com/2011/07/broccoli-sambal/, 3, 5.0, 43.84939195509822, False
kung pao chicken, http://www.budgetbytes.com/2011/07/kung-pao-chicken/, 3, 5.0, 43.84939195509822, False
spicy coconut pumpkin soup, http://www.budgetbytes.com/2011/07/spicy-coconut-pumpkin-soup/, 7, 4.6, 48.686549668097015, True
sloppy joes plus, http://www.budgetbytes.com/2011/06/sloppy-joes-plus/, 11, 4.8, 62.26353745137963, False
marinated white beans, http://www.budgetbytes.com/2011/06/marinated-white-beans/, 2, 4.0, 9.452865480086611, True
chicken shawarma, http://www.budgetbytes.com/2011/06/chicken-shawarma/, 30, 4.9, 83.32924860304112, True
summer vegetable pasta salad, http://www.budgetbytes.com/2011/06/summer-vegetable-pasta-salad/, 12, 4.9, 64.61140782014047, False
apricot dijon pork chops, http://www.budgetbytes.com/2011/06/apricot-dijon-pork-chops/, 1, 5.0, 20.654329147389294, False
saltine toffee candy, http://www.budgetbytes.com/2011/06/saltine-toffee-candy/, 6, 5.0, 60.96569663469354, True
salsa poached eggs grits, http://www.budgetbytes.com/2011/06/salsa-poached-eggs-grits/, 7, 4.9, 48.686549668097015, True
creamy avocado dressing, http://www.budgetbytes.com/2011/06/creamy-avocado-dressing/, 4, 5.0, 51.009997959600085, True
honey mustard chicken strips, http://www.budgetbytes.com/2011/06/honey-mustard-chicken-strips/, 6, 4.8, 43.64905634363539, False
hummus grilled vegetable pizza, http://www.budgetbytes.com/2011/05/hummus-grilled-vegetable-pizza/, 3, 5.0, 43.84939195509822, False
garlic parmesan roasted cauliflower, http://www.budgetbytes.com/2011/05/garlic-parmesan-roasted-cauliflower/, 2, 4.5, 9.452865480086611, True
tuna red pepper pasta, http://www.budgetbytes.com/2011/05/tuna-red-pepper-pasta/, 4, 4.0, 30.063605244263663, False
microwave tortilla chips, http://www.budgetbytes.com/2011/05/microwave-tortilla-chips/, 1, 5.0, 20.654329147389294, False
chipotle orange pork tacos, http://www.budgetbytes.com/2011/05/chipotle-orange-pork-tacos/, 3, 4.3, 20.765495512648787, False
oven roasted corn with honey chili butter, http://www.budgetbytes.com/2011/05/oven-roasted-corn-with-honey-chili-butter/, 2, 5.0, 34.23719528896193, True
huevos rancheros, http://www.budgetbytes.com/2011/05/huevos-rancheros/, 2, 5.0, 34.23719528896193, True
ham bean soup, http://www.budgetbytes.com/2011/05/ham-bean-soup/, 12, 4.8, 64.61140782014047, False
beths best tuna salad, http://www.budgetbytes.com/2011/05/beths-best-tuna-salad/, 4, 5.0, 51.009997959600085, False
skillet lasagna, http://www.budgetbytes.com/2011/05/skillet-lasagna/, 2, 5.0, 34.23719528896193, True
no knead focaccia, http://www.budgetbytes.com/2011/04/no-knead-focaccia/, 7, 4.7, 48.686549668097015, False
creamy mushroom pasta w chicken, http://www.budgetbytes.com/2011/04/creamy-mushroom-pasta-w-chicken/, 13, 4.4, 57.764829491368985, True
easy dulce de leche, http://www.budgetbytes.com/2011/04/easy-dulce-de-leche/, 5, 5.0, 56.5508505247919, True
ginger salmon, http://www.budgetbytes.com/2011/04/ginger-salmon/, 7, 4.9, 48.686549668097015, False
peanut soba stir fry, http://www.budgetbytes.com/2011/04/peanut-soba-stir-fry/, 3, 4.7, 20.765495512648787, True
cuban chorizo stew, http://www.budgetbytes.com/2011/04/cuban-chorizo-stew/, 2, 4.5, 9.452865480086611, True
dijon lentil salad, http://www.budgetbytes.com/2011/04/dijon-lentil-salad/, 2, 4.5, 9.452865480086611, True
zucchini pizza boats, http://www.budgetbytes.com/2011/04/zucchini-pizza-boats/, 1, 4.0, 0.0, True
carrot feta salad, http://www.budgetbytes.com/2011/03/carrot-feta-salad/, 1, 5.0, 20.654329147389294, True
greek turkey burgers, http://www.budgetbytes.com/2011/03/greek-turkey-burgers/, 24, 4.8, 74.1507847985494, True
chunky mashed potatoes, http://www.budgetbytes.com/2011/03/chunky-mashed-potatoes/, 2, 5.0, 34.23719528896193, True
slow cooker bbq ribs, http://www.budgetbytes.com/2011/03/slow-cooker-bbq-ribs/, 6, 5.0, 60.96569663469354, False
lemon garlic roasted asparagus, http://www.budgetbytes.com/2011/03/lemon-garlic-roasted-asparagus/, 4, 4.8, 30.063605244263663, False
eggplant caponata pasta, http://www.budgetbytes.com/2011/03/eggplant-caponata-pasta/, 3, 4.3, 20.765495512648787, False
morning glory muffins, http://www.budgetbytes.com/2011/03/morning-glory-muffins/, 5, 5.0, 56.5508505247919, False
coconut chicken soup, http://www.budgetbytes.com/2011/03/coconut-chicken-soup/, 3, 5.0, 43.84939195509822, True
spring rolls quick peanut sauce, http://www.budgetbytes.com/2011/03/spring-rolls-quick-peanut-sauce/, 3, 5.0, 43.84939195509822, True
lemon ricotta pasta, http://www.budgetbytes.com/2011/03/lemon-ricotta-pasta/, 3, 3.7, 20.765495512648787, True
muesli cold oats, http://www.budgetbytes.com/2011/03/muesli-cold-oats/, 3, 5.0, 43.84939195509822, False
chorizo sweet potato enchiladas, http://www.budgetbytes.com/2011/02/chorizo-sweet-potato-enchiladas/, 37, 4.8, 82.2950349364601, True
cucumber mango salad, http://www.budgetbytes.com/2011/02/cucumber-mango-salad/, 1, 5.0, 20.654329147389294, False
broccoli shells n cheese, http://www.budgetbytes.com/2011/02/broccoli-shells-n-cheese/, 8, 4.6, 52.910519423013845, True
raspberry chipotle bbq chicken, http://www.budgetbytes.com/2011/02/raspberry-chipotle-bbq-chicken/, 6, 4.8, 43.64905634363539, False
mango pineapple chutney, http://www.budgetbytes.com/2011/02/mango-pineapple-chutney/, 1, 4.0, 0.0, False
quick curried chick peas, http://www.budgetbytes.com/2011/02/quick-curried-chick-peas/, 16, 4.9, 71.67073163197013, False
tandoori chicken kebabs, http://www.budgetbytes.com/2011/02/tandoori-chicken-kebabs/, 2, 5.0, 34.23719528896193, True
chocolate lava cake for two or one, http://www.budgetbytes.com/2011/02/chocolate-lava-cake-for-two-or-one/, 3, 4.3, 20.765495512648787, True
quick lemon garlic fish, http://www.budgetbytes.com/2011/02/quick-lemon-garlic-fish/, 1, 4.0, 0.0, False
apple spice pork chops, http://www.budgetbytes.com/2011/01/apple-spice-pork-chops/, 17, 4.5, 58.97007098262422, True
cinnamon raisin bread, http://www.budgetbytes.com/2011/01/cinnamon-raisin-bread/, 6, 5.0, 60.96569663469354, False
black bean burgers, http://www.budgetbytes.com/2011/01/black-bean-burgers/, 12, 5.0, 75.74992425007574, False
zucchini fritters, http://www.budgetbytes.com/2011/01/zucchini-fritters/, 4, 4.8, 30.063605244263663, False
spinach lasagna roll ups, http://www.budgetbytes.com/2011/01/spinach-lasagna-roll-ups/, 38, 4.8, 82.71423311893115, True
not butter chicken, http://www.budgetbytes.com/2011/01/not-butter-chicken/, 13, 4.7, 66.68546607175266, True
freezer breakfast burritos, http://www.budgetbytes.com/2011/01/freezer-breakfast-burritos/, 7, 5.0, 64.56611570247934, True
spicy black beans tomatoes, http://www.budgetbytes.com/2011/01/spicy-black-beans-tomatoes/, 1, 5.0, 20.654329147389294, False
flour tortillas v 2 0 low fat, http://www.budgetbytes.com/2011/01/flour-tortillas-v-2-0-low-fat/, 5, 4.6, 37.552826411853886, False
flour tortillas, http://www.budgetbytes.com/2011/01/flour-tortillas/, 3, 5.0, 43.84939195509822, False
swamp soup, http://www.budgetbytes.com/2010/12/swamp-soup/, 3, 4.7, 20.765495512648787, True
black eyed peas, http://www.budgetbytes.com/2010/12/black-eyed-peas/, 8, 5.0, 67.55843804891231, False
cranberry walnut bread, http://www.budgetbytes.com/2010/12/cranberry-walnut-bread/, 7, 4.6, 48.686549668097015, False
black bean roasted salsa soup, http://www.budgetbytes.com/2010/12/black-bean-roasted-salsa-soup/, 2, 5.0, 34.23719528896193, False
falafel, http://www.budgetbytes.com/2010/12/falafel/, 6, 4.8, 43.64905634363539, False
pita bread, http://www.budgetbytes.com/2010/12/pita-bread/, 6, 4.5, 43.64905634363539, False
pasta e fagioli, http://www.budgetbytes.com/2010/12/pasta-e-fagioli/, 3, 4.7, 20.765495512648787, True
no knead ciabatta, http://www.budgetbytes.com/2010/12/no-knead-ciabatta/, 3, 5.0, 43.84939195509822, False
french bread pizza, http://www.budgetbytes.com/2010/11/french-bread-pizza/, 1, 4.0, 0.0, True
tilapia fish sticks, http://www.budgetbytes.com/2010/11/tilapia-fish-sticks/, 6, 5.0, 60.96569663469354, False
chai concentrate, http://www.budgetbytes.com/2010/11/chai-concentrate/, 7, 4.9, 48.686549668097015, False
beef barley soup, http://www.budgetbytes.com/2010/11/beef-barley-soup/, 5, 5.0, 56.5508505247919, False
mushroom herb gravy, http://www.budgetbytes.com/2010/11/mushroom-herb-gravy/, 5, 5.0, 56.5508505247919, False
herb mustard pork loin, http://www.budgetbytes.com/2010/11/herb-mustard-pork-loin/, 2, 5.0, 34.23719528896193, True
red wine cranberry sauce, http://www.budgetbytes.com/2010/11/red-wine-cranberry-sauce/, 2, 5.0, 34.23719528896193, False
butternut squash pasta with blue cheese, http://www.budgetbytes.com/2010/11/butternut-squash-pasta-with-blue-cheese/, 1, 5.0, 20.654329147389294, True
veggie egg casserole, http://www.budgetbytes.com/2010/11/veggie-egg-casserole/, 1, 5.0, 20.654329147389294, True
honey wheat sandwich bread, http://www.budgetbytes.com/2010/10/honey-wheat-sandwich-bread/, 12, 5.0, 75.74992425007574, False
lentil sausage stew, http://www.budgetbytes.com/2010/10/lentil-sausage-stew/, 19, 4.9, 75.3607846634548, False
honey wheat pizza dough, http://www.budgetbytes.com/2010/10/honey-wheat-pizza-dough/, 1, 5.0, 20.654329147389294, False
jambalaya, http://www.budgetbytes.com/2010/10/jambalaya/, 5, 4.2, 37.552826411853886, False
roasted chicken with root vegetables, http://www.budgetbytes.com/2010/10/roasted-chicken-with-root-vegetables/, 2, 4.5, 9.452865480086611, False
freezer burritos, http://www.budgetbytes.com/2010/10/freezer-burritos/, 5, 5.0, 56.5508505247919, True
goulash, http://www.budgetbytes.com/2010/10/goulash/, 4, 4.5, 30.063605244263663, False
pumpkin bread pudding, http://www.budgetbytes.com/2010/10/pumpkin-bread-pudding/, 1, 5.0, 20.654329147389294, True
spinach artichoke pasta, http://www.budgetbytes.com/2010/10/spinach-artichoke-pasta/, 5, 4.2, 37.552826411853886, True
singapore noodles, http://www.budgetbytes.com/2010/09/singapore-noodles/, 11, 4.8, 62.26353745137963, False
rice pudding, http://www.budgetbytes.com/2010/09/rice-pudding/, 1, 5.0, 20.654329147389294, True
no knead bread, http://www.budgetbytes.com/2010/09/no-knead-bread/, 2, 5.0, 34.23719528896193, False
homemade croutons, http://www.budgetbytes.com/2010/09/homemade-croutons/, 1, 5.0, 20.654329147389294, False
naan, http://www.budgetbytes.com/2010/09/naan/, 86, 4.9, 90.23896734174551, True
dal nirvana, http://www.budgetbytes.com/2010/09/dal-nirvana/, 22, 4.7, 72.18461934161421, True
cinnamon raisin bagels, http://www.budgetbytes.com/2010/09/cinnamon-raisin-bagels/, 6, 4.7, 43.64905634363539, False
asian sticky wings, http://www.budgetbytes.com/2010/08/asian-sticky-wings/, 10, 4.9, 59.584361450242774, False
polvorones, http://www.budgetbytes.com/2010/08/polvorones/, 5, 4.8, 37.552826411853886, True
caldo xochitl mexican hot flower soup, http://www.budgetbytes.com/2010/08/caldo-xochitl-mexican-hot-flower-soup/, 1, 5.0, 20.654329147389294, False
glazed pork chops, http://www.budgetbytes.com/2010/08/glazed-pork-chops/, 83, 4.7, 83.60028865648162, False
collard greens, http://www.budgetbytes.com/2010/08/collard-greens/, 2, 4.5, 9.452865480086611, False
lemon blueberry scones, http://www.budgetbytes.com/2010/08/lemon-blueberry-scones/, 6, 5.0, 60.96569663469354, True
coconut rice pilaf, http://www.budgetbytes.com/2010/08/coconut-rice-pilaf/, 2, 5.0, 34.23719528896193, True
teriyaki pork sandwiches, http://www.budgetbytes.com/2010/08/teriyaki-pork-sandwiches/, 5, 4.0, 23.0719932208837, False
basic biscuits, http://www.budgetbytes.com/2010/07/basic-biscuits/, 9, 4.8, 56.499378523193975, True
spicy sweet potato stix, http://www.budgetbytes.com/2010/07/spicy-sweet-potato-stix/, 1, 5.0, 20.654329147389294, False
english muffins, http://www.budgetbytes.com/2010/07/english-muffins/, 12, 4.6, 55.196364261532736, True
pasta puttanesca, http://www.budgetbytes.com/2010/07/pasta-puttanesca/, 1, 5.0, 20.654329147389294, False
spicy hawaiian pizza, http://www.budgetbytes.com/2010/07/spicy-hawaiian-pizza/, 1, 5.0, 20.654329147389294, False
garden tomato soup, http://www.budgetbytes.com/2010/07/garden-tomato-soup/, 2, 5.0, 34.23719528896193, False
spicy sweet carrot salad, http://www.budgetbytes.com/2010/07/spicy-sweet-carrot-salad/, 1, 5.0, 20.654329147389294, False
breakfast pizza, http://www.budgetbytes.com/2010/07/breakfast-pizza/, 1, 4.0, 0.0, True
pizza sauce, http://www.budgetbytes.com/2010/07/pizza-sauce/, 1, 4.0, 0.0, False
pizza dough, http://www.budgetbytes.com/2010/07/pizza-dough/, 11, 5.0, 74.11599827511859, False
tuscan white bean pasta, http://www.budgetbytes.com/2010/06/tuscan-white-bean-pasta/, 5, 5.0, 56.5508505247919, True
quick seasoned black beans, http://www.budgetbytes.com/2010/06/quick-seasoned-black-beans/, 1, 5.0, 20.654329147389294, False
chicken enchiladas, http://www.budgetbytes.com/2010/06/chicken-enchiladas/, 1, 5.0, 20.654329147389294, True
eggplant parmesan, http://www.budgetbytes.com/2010/06/eggplant-parmesan/, 3, 5.0, 43.84939195509822, True
lobster cream cheese wontons, http://www.budgetbytes.com/2010/06/lobster-cream-cheese-wontons/, 3, 4.7, 20.765495512648787, True
vegetable not fried rice, http://www.budgetbytes.com/2010/06/vegetable-not-fried-rice/, 4, 5.0, 51.009997959600085, False
szechuan pork green beans, http://www.budgetbytes.com/2010/05/szechuan-pork-green-beans/, 7, 4.7, 48.686549668097015, False
cranberry almond biscotti, http://www.budgetbytes.com/2010/05/cranberry-almond-biscotti/, 1, 5.0, 20.654329147389294, True
grilled vegetable pasta salad, http://www.budgetbytes.com/2010/05/grilled-vegetable-pasta-salad/, 1, 1.0, 0.0, False
raspberry oat bars, http://www.budgetbytes.com/2010/05/raspberry-oat-bars/, 6, 5.0, 60.96569663469354, True
creamed spinach take 2, http://www.budgetbytes.com/2010/05/creamed-spinach-take-2/, 2, 5.0, 34.23719528896193, True
greek chicken stew, http://www.budgetbytes.com/2010/05/greek-chicken-stew/, 3, 5.0, 43.84939195509822, True
hummus four flavors, http://www.budgetbytes.com/2010/05/hummus-four-flavors/, 8, 4.9, 52.910519423013845, False
dolmas stuffed grape leaves, http://www.budgetbytes.com/2010/05/dolmas-stuffed-grape-leaves/, 2, 4.5, 9.452865480086611, False
tzatziki greek yogurt sauce, http://www.budgetbytes.com/2010/05/tzatziki-greek-yogurt-sauce/, 3, 5.0, 43.84939195509822, True
greek style yogurt, http://www.budgetbytes.com/2010/05/greek-style-yogurt/, 2, 4.5, 9.452865480086611, True
cilantro lime rice, http://www.budgetbytes.com/2010/04/cilantro-lime-rice/, 8, 4.9, 52.910519423013845, False
super simple shrimp tacos, http://www.budgetbytes.com/2010/04/super-simple-shrimp-tacos/, 2, 4.5, 9.452865480086611, True
basic bok choy, http://www.budgetbytes.com/2010/04/basic-bok-choy/, 2, 3.5, 9.452865480086611, False
sriracha chicken strips, http://www.budgetbytes.com/2010/04/sriracha-chicken-strips/, 7, 4.9, 48.686549668097015, False
tuna pasta salad wpeas, http://www.budgetbytes.com/2010/04/tuna-pasta-salad-wpeas/, 7, 4.7, 48.686549668097015, False
bbq chicken pizzas, http://www.budgetbytes.com/2010/04/bbq-chicken-pizzas/, 3, 5.0, 43.84939195509822, True
cincinnati chili, http://www.budgetbytes.com/2010/04/cincinnati-chili/, 2, 4.5, 9.452865480086611, True
asparagus breakfast wraps, http://www.budgetbytes.com/2010/04/asparagus-breakfast-wraps/, 1, 5.0, 20.654329147389294, True
stewed okra tomatoes, http://www.budgetbytes.com/2010/04/stewed-okra-tomatoes/, 1, 4.0, 0.0, True
jamaican jerk chicken bowls, http://www.budgetbytes.com/2010/04/jamaican-jerk-chicken-bowls/, 5, 4.2, 37.552826411853886, True
lemon coconut bars, http://www.budgetbytes.com/2010/04/lemon-coconut-bars/, 2, 4.5, 9.452865480086611, True
guacamole salad, http://www.budgetbytes.com/2010/03/guacamole-salad/, 2, 4.0, 9.452865480086611, False
taco soup, http://www.budgetbytes.com/2010/03/taco-soup/, 7, 4.7, 48.686549668097015, False
pork ginger pot stickers, http://www.budgetbytes.com/2010/03/pork-ginger-pot-stickers/, 2, 4.5, 9.452865480086611, False
sushi bowls, http://www.budgetbytes.com/2010/03/sushi-bowls/, 2, 5.0, 34.23719528896193, False
louisiana red beans rice, http://www.budgetbytes.com/2010/03/louisiana-red-beans-rice/, 20, 4.8, 76.38641064874331, False
quick ramen bowl, http://www.budgetbytes.com/2010/03/quick-ramen-bowl/, 15, 4.9, 70.18292244757602, False
garlic bread, http://www.budgetbytes.com/2010/03/garlic-bread/, 3, 5.0, 43.84939195509822, True
pesto stuffed shells, http://www.budgetbytes.com/2010/03/pesto-stuffed-shells/, 6, 5.0, 60.96569663469354, True
stuffed poblano peppers, http://www.budgetbytes.com/2010/02/stuffed-poblano-peppers/, 2, 5.0, 34.23719528896193, True
parmesan kale pasta, http://www.budgetbytes.com/2010/02/parmesan-kale-pasta/, 1, 5.0, 20.654329147389294, True
roast beef quesadillas, http://www.budgetbytes.com/2010/02/roast-beef-quesadillas/, 6, 4.3, 29.99883213415286, True
mediterranean white bean salad, http://www.budgetbytes.com/2010/02/mediterranean-white-bean-salad/, 3, 4.7, 20.765495512648787, True
rice pancakes, http://www.budgetbytes.com/2010/02/rice-pancakes/, 3, 5.0, 43.84939195509822, False
roasted chickpeas, http://www.budgetbytes.com/2010/02/roasted-chickpeas/, 1, 5.0, 20.654329147389294, False
chili garlic breakfast quesadilla, http://www.budgetbytes.com/2010/02/chili-garlic-breakfast-quesadilla/, 3, 5.0, 43.84939195509822, True
baked ziti, http://www.budgetbytes.com/2010/02/baked-ziti/, 7, 5.0, 64.56611570247934, True
balsamic oven fries, http://www.budgetbytes.com/2010/02/balsamic-oven-fries/, 2, 5.0, 34.23719528896193, False
cranberry walnut stuffed pork loin, http://www.budgetbytes.com/2010/02/cranberry-walnut-stuffed-pork-loin/, 5, 5.0, 56.5508505247919, True
indian spiced oats w coconut milk, http://www.budgetbytes.com/2010/01/indian-spiced-oats-w-coconut-milk/, 2, 5.0, 34.23719528896193, True
greek pizza, http://www.budgetbytes.com/2010/01/greek-pizza/, 1, 5.0, 20.654329147389294, True
quick migas, http://www.budgetbytes.com/2010/01/quick-migas/, 1, 4.0, 0.0, True
thai peanut noodles, http://www.budgetbytes.com/2010/01/thai-peanut-noodles/, 1, 5.0, 20.654329147389294, False
coconut chicken w sweet chili dipping sauce, http://www.budgetbytes.com/2010/01/coconut-chicken-w-sweet-chili-dipping-sauce/, 10, 4.9, 59.584361450242774, True
thai peanut sauce, http://www.budgetbytes.com/2010/01/thai-peanut-sauce/, 7, 5.0, 64.56611570247934, True
sweet potato enchiladas, http://www.budgetbytes.com/2010/01/sweet-potato-enchiladas/, 5, 5.0, 56.5508505247919, True
broccoli rice casserole, http://www.budgetbytes.com/2010/01/broccoli-rice-casserole/, 6, 4.8, 43.64905634363539, True
roasted poblano and sweet potato salad, http://www.budgetbytes.com/2010/01/roasted-poblano-and-sweet-potato-salad/, 1, 5.0, 20.654329147389294, False
lemon ricotta cookies, http://www.budgetbytes.com/2010/01/lemon-ricotta-cookies/, 3, 5.0, 43.84939195509822, True
becker bbq shrimp, http://www.budgetbytes.com/2010/01/becker-bbq-shrimp/, 2, 4.0, 9.452865480086611, True
pepperoni stuffed chicken, http://www.budgetbytes.com/2009/12/pepperoni-stuffed-chicken/, 6, 5.0, 60.96569663469354, True
meatball stroganoff, http://www.budgetbytes.com/2009/12/meatball-stroganoff/, 2, 4.5, 9.452865480086611, True
mexican lentil stew, http://www.budgetbytes.com/2009/12/mexican-lentil-stew/, 28, 4.8, 77.35426157408214, False
egg florentine quesadillas, http://www.budgetbytes.com/2009/12/egg-florentine-quesadillas/, 1, 5.0, 20.654329147389294, True
creamed spinach, http://www.budgetbytes.com/2009/12/creamed-spinach/, 5, 4.8, 37.552826411853886, True
italian meatballs, http://www.budgetbytes.com/2009/12/italian-meatballs/, 9, 4.9, 56.499378523193975, True
homemade marinara, http://www.budgetbytes.com/2009/12/homemade-marinara/, 2, 4.0, 9.452865480086611, False
sweet chili shrimp, http://www.budgetbytes.com/2009/12/sweet-chili-shrimp/, 2, 5.0, 34.23719528896193, False
garlic noodles, http://www.budgetbytes.com/2009/12/garlic-noodles/, 21, 4.8, 71.08541613925932, True
jalapeno cheddar corn muffins, http://www.budgetbytes.com/2009/11/jalapeno-cheddar-corn-muffins/, 2, 5.0, 34.23719528896193, True
bacon pesto pasta bake, http://www.budgetbytes.com/2009/11/bacon-pesto-pasta-bake/, 2, 3.5, 9.452865480086611, True
easy pumpkin soup, http://www.budgetbytes.com/2009/10/easy-pumpkin-soup/, 2, 5.0, 34.23719528896193, True
thai cucumber salad, http://www.budgetbytes.com/2009/07/thai-cucumber-salad/, 4, 4.5, 30.063605244263663, False
